radio,mcc,net,area,cell,unit,lon,lat,range,samples,changeable,created,updated,averageSignal
GSM,255,3,34000,28052,0,31.649551391602,48.811569213867,1000,1,1,1459781580,1459781580,0
GSM,255,3,34000,4032,0,31.633471,48.636275,3083,31,1,1459815400,1485426727,0
GSM,255,3,34002,4562,0,31.975025,48.514253,3179,4,1,1459815401,1474549561,0
GSM,255,3,49500,18791,0,33.475532,49.107273,1257,15,1,1459684849,1505383353,0
GSM,255,1,9520,45661,0,29.233932495117,48.692092895508,1000,1,1,1459676549,1459676549,0
GSM,255,1,10040,24114,0,36.237442,49.996078,1000,15,1,1459752359,1459752359,0
GSM,255,3,37050,2293,0,29.50309753418,47.980728149414,1000,1,1,1459742445,1459742445,0
GSM,255,6,20510,1583,0,37.937850952148,47.946395874023,1000,1,1,1459743688,1459743688,0
GSM,255,6,20510,1827,0,37.933731079102,47.946395874023,1000,1,1,1459743688,1459743688,0
GSM,255,6,20510,543,0,37.911758422852,47.988967895508,1000,1,1,1459743688,1459743688,0
GSM,255,1,51806,11545,0,25.760879516602,50.364761352539,1000,1,1,1459776696,1459776696,0
GSM,255,3,49500,8842,0,33.463211,49.108963,1010,9,1,1459684849,1486220257,0
GSM,255,1,12625,5678,0,34.53417,49.557058,1000,33,1,1459746355,1459746355,0
GSM,255,1,12625,5737,0,34.525419,49.560405,1000,14,1,1459746355,1459746355,0
GSM,255,1,10045,22304,0,36.244148,49.999947,1000,60,1,1459752961,1459752961,0
GSM,255,3,20204,961,0,26.986713,50.227776,1000,16,1,1459814312,1490804267,0
GSM,255,3,34000,8601,0,31.649551391602,48.811569213867,1000,1,1,1459781580,1459781580,0
GSM,255,1,12605,6251,0,34.548971,49.58356,1000,41,1,1459755064,1485942246,0
GSM,255,1,12605,5092,0,34.552564,49.581985,1000,11,1,1459755064,1485942387,0
GSM,255,1,12625,5148,0,34.553188,49.583983,1000,11,1,1459745759,1459745759,0
GSM,255,1,12625,5149,0,34.550491,49.584732,1000,15,1,1459745759,1459745759,0
GSM,255,1,12625,6357,0,34.53958,49.577241,1000,33,1,1459746057,1459746057,0
GSM,255,1,12625,6257,0,34.548165,49.583278,1000,17,1,1459745759,1459745759,0
GSM,255,1,12625,5117,0,34.545479,49.581127,1000,8,1,1459745760,1459745760,0
GSM,255,1,10040,24396,0,36.236343383789,49.995346069336,1000,2,1,1459752358,1459752358,0
GSM,255,1,10040,24344,0,36.233596801758,49.992599487305,1000,5,1,1459752358,1459752358,0
GSM,255,3,37050,26321,0,29.61296081543,47.936782836914,1000,1,1,1459742456,1459742456,0
GSM,255,6,20510,1572,0,37.932357788086,47.946395874023,1000,1,1,1459743688,1459743688,0
GSM,255,3,34000,9263,0,31.627169,48.642423,3557,77,1,1459815400,1485426727,0
GSM,255,3,34002,4563,0,31.959916,48.524552,1000,2,1,1459815401,1472214420,0
GSM,255,3,49500,8841,0,33.482987,49.109635,5113,45,1,1459684849,1486220257,0
GSM,255,1,9520,45664,0,29.233932495117,48.692092895508,1000,1,1,1459676549,1459676549,0
GSM,255,1,13580,33057,0,33.746566772461,49.671249389648,1000,1,1,1459732850,1459732850,0
GSM,255,1,12605,5683,0,34.530167,49.566055,1000,5,1,1459734956,1459734956,0
GSM,255,1,12605,5151,0,34.553277,49.582476,1000,28,1,1459755064,1485942387,0
GSM,255,1,12625,6018,0,34.526758,49.562598,1000,17,1,1459746354,1459746354,0
GSM,255,1,12625,5689,0,34.529342651367,49.565505981445,1000,3,1,1459746058,1459746058,0
GSM,255,1,17752,38323,0,35.495059,49.796949,24414,165,1,1459768867,1489380600,0
GSM,255,1,10085,26088,0,36.13497,49.96376,1000,33,1,1459751773,1459751773,0
GSM,255,1,10085,24929,0,36.155425,49.970944,1000,13,1,1459751774,1459751774,0
GSM,255,1,10085,26087,0,36.145191,49.966221,1000,48,1,1459751774,1459751774,0
GSM,255,1,10085,24807,0,36.126327,49.96315,1000,9,1,1459751773,1459751773,0
GSM,255,3,37050,1023,0,29.541549682617,47.953262329102,1000,1,1,1459742445,1459742445,0
GSM,255,3,37050,27011,0,28.919448852539,48.042526245117,1000,1,1,1459742445,1459742445,0
GSM,255,1,51481,17585,0,23.998673,49.843826,1480,15,1,1459807724,1490774049,0
GSM,255,1,51806,50062,0,25.737533569336,50.382614135742,1000,1,1,1459776707,1459776707,0
GSM,255,1,13500,33721,0,33.560105,49.672369,1389,27,1,1459752354,1460900155,0
GSM,255,1,12605,6252,0,34.547407,49.582355,1000,26,1,1459755064,1485942246,0
GSM,255,1,12605,5091,0,34.550884,49.582417,1000,35,1,1459755064,1485942387,0
GSM,255,1,12625,6258,0,34.546921,49.581985,1000,5,1,1459745760,1459745760,0
GSM,255,1,17052,31905,0,36.178207,49.981417,1000,21,1,1459771574,1484788808,0
GSM,255,1,10040,24115,0,36.235313,49.994316,1000,12,1,1459752358,1459752358,0
GSM,255,1,10040,22304,0,36.240267,49.997308,1000,7,1,1459752961,1459752961,0
GSM,255,6,20510,1312,0,37.913131713867,47.990341186523,1000,1,1,1459743688,1459743688,0
GSM,255,6,20510,1821,0,37.932357788086,47.946395874023,1000,1,1,1459743688,1459743688,0
GSM,255,6,20510,1647,0,37.932357788086,47.947769165039,1000,1,1,1459743688,1459743688,0
GSM,255,6,20510,153,0,37.937850952148,47.946395874023,1000,1,1,1459743688,1459743688,0
GSM,255,6,20510,1442,0,37.932357788086,47.946395874023,1000,1,1,1459743688,1459743688,0
GSM,255,6,20510,621,0,37.914505004883,47.986221313477,1000,1,1,1459743688,1459743688,0
GSM,255,6,20510,3285,0,37.939224243164,47.946395874023,1000,1,1,1459743688,1459743688,0
GSM,255,1,52012,20513,0,25.468368530273,50.01594543457,1000,1,1,1459776696,1459776696,0
GSM,255,3,34000,6031,0,31.643372,48.614502,1000,2,1,1459815400,1469694079,0
GSM,255,3,29200,9121,0,31.31271,51.509895,4435,136,1,1330161568,1351291092,0
GSM,255,3,29200,52,0,31.316516,51.510819,17519,193,1,1330162260,1351055865,0
GSM,255,3,29200,21,0,31.310599,51.505074,12147,146,1,1330162260,1351291392,0
GSM,255,3,29200,1012,0,31.31398,51.51243,3071,194,1,1330162260,1351218917,0
GSM,255,3,29200,9081,0,31.317167,51.511316,3374,86,1,1330162260,1351214972,0
GSM,255,3,29200,9111,0,31.312324,51.512665,3251,130,1,1330162260,1351214973,0
GSM,255,3,29200,8052,0,31.316819,51.511085,3669,66,1,1330162260,1351214972,0
GSM,255,3,29200,28021,0,31.287142,51.49239,4071,9,1,1330162260,1351291557,0
GSM,255,3,29200,92,0,31.317314,51.51289,3445,97,1,1330163645,1351218917,0
GSM,255,3,29200,9082,0,31.313725,51.512271,3562,122,1,1330163645,1351290823,0
GSM,255,3,29200,9123,0,31.29014,51.498855,2678,28,1,1330163645,1351215272,0
GSM,255,3,29200,8063,0,31.311838,51.510087,2935,47,1,1330703326,1351218317,0
GSM,255,3,29200,9083,0,31.31572,51.512219,3523,362,1,1331310813,1351218917,0
GSM,255,3,29200,8092,0,31.317643,51.512747,2531,16,1,1331313290,1351218617,0
GSM,255,3,29200,9071,0,31.272565,51.526337,9578,60,1,1332140505,1350873215,0
GSM,255,3,29200,71,0,31.292112,51.510912,4565,25,1,1332140586,1350891031,0
GSM,255,3,29200,18072,0,31.28792,51.518786,2223,3,1,1332140586,1348965814,0
GSM,255,3,29200,9072,0,31.281574,51.518358,4677,44,1,1332140586,1350873517,0
GSM,255,3,29200,10073,0,31.278887,51.521154,4496,34,1,1332141465,1350873217,0
GSM,255,3,29200,9073,0,31.276802,51.517247,1788,14,1,1332141465,1349841810,0
GSM,255,3,29200,9113,0,31.285935,51.502152,2279,9,1,1332141773,1350873517,0
GSM,255,3,29200,141,0,31.277273,51.523659,9011,34,1,1332142347,1350873217,0
GSM,255,3,29200,10072,0,31.288279,51.512783,10464,27,1,1332142347,1350873217,0
GSM,255,3,29200,9273,0,31.276019,51.521122,4246,28,1,1332142347,1350873217,0
GSM,255,3,29200,73,0,31.284463,51.520913,5455,34,1,1332142347,1350872917,0
GSM,255,3,29200,8071,0,31.284649,51.4991,1580,7,1,1332142347,1350873515,0
GSM,255,3,29200,72,0,31.283495,51.506884,4259,9,1,1332142347,1350872917,0
GSM,255,3,29200,8033,0,31.288169,51.495633,2321,40,1,1332142347,1351218017,0
GSM,255,3,29200,9122,0,31.288735,51.495154,3750,103,1,1332144390,1351291092,0
GSM,255,3,29200,8032,0,31.291496,51.494065,1833,33,1,1332144674,1351215571,0
GSM,255,3,29200,33,0,31.288221,51.497494,7179,53,1,1332144963,1351218017,0
GSM,255,3,29200,31,0,31.295831,51.49827,2798,86,1,1332144963,1351291092,0
GSM,255,3,29200,8031,0,31.298253,51.498746,2222,31,1,1332144963,1351215272,0
GSM,255,3,29200,9091,0,31.284255,51.496903,2339,15,1,1332144963,1349845664,0
GSM,255,3,29200,9092,0,31.28667,51.494081,3564,29,1,1332144963,1351054065,0
GSM,255,3,29200,8262,0,31.30374,51.502441,3404,37,1,1332145050,1351291092,0
GSM,255,3,29200,9012,0,31.307533,51.513154,2823,60,1,1332145211,1351218386,0
GSM,255,3,29200,32,0,31.28878,51.493358,4226,44,1,1332145840,1351291392,0
GSM,255,3,29200,13,0,31.295743,51.495182,4798,41,1,1332145840,1351215572,0
GSM,255,3,29200,8013,0,31.299551,51.497346,2597,36,1,1332145840,1350890084,0
GSM,255,3,29200,63,0,31.30192,51.504335,3482,37,1,1332145840,1351215272,0
GSM,255,3,29200,8263,0,31.30386,51.503983,3537,18,1,1332145840,1351291091,0
GSM,255,3,29200,1043,0,31.32521,51.51714,11845,45,1,1332317930,1350720451,0
GSM,255,3,29200,9041,0,31.413047,51.543603,18121,23,1,1332390885,1349908885,0
GSM,255,3,29200,193,0,31.419515,51.543449,13183,25,1,1332391201,1349908886,0
GSM,255,3,29200,692,0,31.535885,51.625361,12569,31,1,1332391740,1349909787,0
GSM,255,3,29200,203,0,31.500445,51.587875,7873,11,1,1332391807,1346279944,0
GSM,255,3,29200,1041,0,31.393066,51.530127,7433,12,1,1332391812,1349908886,0
GSM,255,3,29200,1051,0,31.37386,51.524411,9462,19,1,1332391812,1351055565,0
GSM,255,3,29200,51,0,31.428309,51.553123,16095,22,1,1332391812,1349909186,0
GSM,255,3,29200,4163,0,31.435957,51.482458,16694,22,1,1332391812,1349596465,0
GSM,255,3,29200,222,0,31.317817,51.711898,32889,17,1,1332391812,1349909486,0
GSM,255,3,29200,192,0,31.420711,51.480693,22551,14,1,1332391812,1349597065,0
GSM,255,3,29200,691,0,31.609226,51.712201,19207,31,1,1332392407,1352334089,0
GSM,255,3,29200,212,0,31.601859,51.774327,8650,29,1,1332392663,1356565882,0
GSM,255,3,29200,191,0,31.493616,51.588687,13020,18,1,1332392708,1349909185,0
GSM,255,3,29200,201,0,31.55216,51.609844,10794,11,1,1332392708,1346280245,0
GSM,255,3,29200,2163,0,31.516296,51.548083,13163,3,1,1332392708,1349909186,0
GSM,255,3,29200,693,0,31.47478,51.683244,29542,32,1,1332392708,1349910387,0
GSM,255,3,29200,4232,0,31.223983,51.675709,23817,41,1,1332392708,1349079534,0
GSM,255,3,29200,221,0,31.59965,51.802075,10864,21,1,1332392708,1349910987,0
GSM,255,3,29200,213,0,31.625377,51.849951,15623,30,1,1332393308,1356565884,0
GSM,255,3,29200,211,0,31.602979,51.818161,10013,24,1,1332393603,1349910987,0
GSM,255,3,29200,513,0,31.617537,51.698641,20125,21,1,1332393603,1349910387,0
GSM,255,3,29200,482,0,31.60988,51.888892,8289,61,1,1332393607,1354148747,0
GSM,255,3,29200,481,0,31.648053,51.895333,13939,64,1,1332394207,1349921925,0
GSM,255,3,29200,2482,0,31.641222,51.893363,14351,61,1,1332394514,1349921925,0
GSM,255,3,29200,2472,0,31.639184,51.854594,39413,14,1,1332394514,1349922226,0
GSM,255,3,29200,483,0,31.609121,51.895882,3954,41,1,1332394514,1349921626,0
GSM,255,3,29200,2483,0,31.642268,51.898272,9226,56,1,1332394514,1349921925,0
GSM,255,3,29200,8481,0,31.63447,51.895993,13540,58,1,1332395408,1349921925,0
GSM,255,3,29200,8482,0,31.610879,51.891755,7186,38,1,1332396404,1349921626,0
GSM,255,3,29200,8483,0,31.610385,51.896237,3862,27,1,1332396404,1349921325,0
GSM,255,3,29200,2481,0,31.698221,51.894763,10055,30,1,1332396404,1349922226,0
GSM,255,3,29200,852,0,31.701936,51.89423,7181,7,1,1332405165,1348106932,0
GSM,255,3,65296,481,0,31.627578735352,51.901473999023,1000,1,1,1332385355,1332385355,0
GSM,255,3,29200,2473,0,31.780459,51.882521,8221,16,1,1332406966,1349922225,0
GSM,255,3,29200,851,0,31.717481,51.895144,4092,13,1,1332407048,1349921925,0
GSM,255,3,29100,8493,0,31.933391,51.823448,5703,22,1,1332407267,1334202523,0
GSM,255,3,29100,493,0,31.941079,51.817595,5898,25,1,1332407367,1334203745,0
GSM,255,3,29100,2492,0,31.901226,51.843804,5959,4,1,1332388055,1332388055,0
GSM,255,3,29100,2493,0,31.828079223633,51.872634887695,1000,1,1,1332387155,1332387155,0
GSM,255,3,29200,2471,0,31.919198,51.830696,9245,33,1,1332407984,1349922525,0
GSM,255,3,29100,1491,0,31.956915,51.81244,11935,31,1,1332407984,1334204045,0
GSM,255,3,29100,491,0,31.944393,51.813882,3904,23,1,1332407984,1334203445,0
GSM,255,3,29100,833,0,31.937942504883,51.830062866211,1000,1,1,1332387755,1332387755,0
GSM,255,3,29100,1493,0,31.967216,51.8044,7746,13,1,1332407984,1334204045,0
GSM,255,3,29100,8491,0,31.946608,51.81443,5381,13,1,1332408942,1334203745,0
GSM,255,3,29100,2502,0,31.940691,51.819763,1635,4,1,1332409831,1334203145,0
GSM,255,3,29100,492,0,31.951109,51.809694,5108,24,1,1332409831,1334203743,0
GSM,255,3,29100,8492,0,31.951955,51.808504,4988,20,1,1332411594,1334203745,0
GSM,255,3,29100,831,0,31.989805,51.802267,6192,4,1,1332413341,1334203745,0
GSM,255,3,29100,1492,0,32.051339,51.7828,6005,7,1,1332414881,1334204343,0
GSM,255,3,29100,4511,0,32.179748,51.723319,9918,4,1,1332402986,1332402986,0
GSM,255,1,18230,4613,0,32.235495,51.76632,15225,152,1,1332422540,1358406800,0
GSM,255,1,18230,24613,0,32.247619,51.765842,12461,68,1,1332422540,1358406500,0
GSM,255,1,18230,4612,0,32.241899,51.758645,28509,129,1,1332422540,1358486403,0
GSM,255,3,29100,2501,0,32.121963500977,51.779251098633,1000,1,1,1332395365,1332395365,0
GSM,255,1,18230,26463,0,32.248562,51.764407,14527,132,1,1332423053,1358406500,0
GSM,255,1,18230,4611,0,32.259484,51.768147,13668,89,1,1332423053,1358406500,0
GSM,255,1,18230,24612,0,32.246481,51.763477,7721,113,1,1332423053,1358406800,0
GSM,255,1,18230,2165,0,32.249017,51.766536,9091,50,1,1332423053,1358406200,0
GSM,255,3,29100,861,0,32.361876,51.56219,16341,10,1,1332423402,1334210962,0
GSM,255,3,29100,501,0,32.243324,51.549916,12730,16,1,1332423404,1334210964,0
GSM,255,3,29100,502,0,32.271162,51.52444,16092,14,1,1332424569,1332473880,0
GSM,255,3,29100,1501,0,32.228456,51.524444,2618,11,1,1332424854,1332472981,0
GSM,255,3,29100,1502,0,32.236045,51.524413,8164,14,1,1332424854,1332473281,0
GSM,255,3,29100,503,0,32.226792,51.52382,2728,12,1,1332425170,1332472981,0
GSM,255,3,29100,863,0,32.287446,51.52362,10690,6,1,1332425730,1332473581,0
GSM,255,3,29100,891,0,32.290056,51.52413,10510,5,1,1332425730,1332473581,0
GSM,255,3,29100,822,0,32.472838,51.52451,2150,2,1,1332473881,1332473881,0
GSM,255,3,29100,553,0,32.4868,51.524739,3114,3,1,1332474181,1332474181,0
GSM,255,3,29000,1661,0,32.426633,51.258963,29478,52,1,1332493783,1350027848,0
GSM,255,3,29100,9553,0,32.509231,51.519699,1680,4,1,1332477602,1332477602,0
GSM,255,3,29100,9551,0,32.508316,51.51741,1427,3,1,1332477602,1332477602,0
GSM,255,3,29100,1552,0,32.514535,51.499689,4915,7,1,1332478229,1332478229,0
GSM,255,3,29100,9552,0,32.511983,51.506882,5335,6,1,1332478201,1332478201,0
GSM,255,3,29100,552,0,32.513631,51.502945,4883,5,1,1332478202,1332478202,0
GSM,255,3,29100,1551,0,32.513357,51.497384,4296,4,1,1332478202,1332478202,0
GSM,255,3,29100,1553,0,32.505113,51.513519,1033,2,1,1332477602,1332477602,0
GSM,255,3,29100,1891,0,32.521596,51.481247,2414,2,1,1332478202,1332478202,0
GSM,255,3,18240,44441,0,32.522964477539,51.448287963867,1000,1,1,1332478300,1332478300,0
GSM,255,1,18240,42083,0,32.530503,51.385685,17054,49,1,1332498813,1355462425,0
GSM,255,1,18240,44441,0,32.5384,51.374138,16995,52,1,1332498816,1355462725,0
GSM,255,3,29000,8793,0,32.569785,51.315204,4933,11,1,1332498889,1344573041,0
GSM,255,3,29000,793,0,32.569659,51.308587,4204,11,1,1332499217,1344573041,0
GSM,255,1,18240,26672,0,32.508836,51.472941,25377,55,1,1332499246,1358482755,0
GSM,255,3,29100,1892,0,32.568971,51.332245,1367,2,1,1332479402,1332479402,0
GSM,255,3,29000,792,0,32.479917,51.258244,9665,15,1,1332499663,1344586381,0
GSM,255,3,29000,8792,0,32.523645,51.26542,6185,6,1,1332499814,1344573641,0
GSM,255,3,29000,791,0,32.558321,51.2756,3608,4,1,1332500160,1344573341,0
GSM,255,3,29000,603,0,32.435586,51.252352,12372,47,1,1332500160,1350027248,0
GSM,255,3,29000,601,0,32.425073,51.246962,14060,41,1,1332500160,1350027548,0
GSM,255,3,29000,8601,0,32.422423,51.237034,13500,25,1,1332500160,1350027848,0
GSM,255,3,29000,8791,0,32.562789916992,51.271133422852,1000,1,1,1332480002,1332480002,0
GSM,255,3,29000,9601,0,32.429959,51.251461,3030,40,1,1332500617,1350026948,0
GSM,255,3,29000,1361,0,32.48231,51.259881,5115,5,1,1332501061,1344573641,0
GSM,255,3,29000,1601,0,32.427613,51.24853,4193,37,1,1332501061,1350027248,0
GSM,255,3,29000,1662,0,32.415999,51.213931,9128,9,1,1332502009,1350027848,0
GSM,255,3,29000,8603,0,32.424955,51.247643,4014,38,1,1332502009,1350027248,0
GSM,255,3,29000,1603,0,32.427349,51.253195,1238,16,1,1332502937,1350023412,0
GSM,255,3,29000,9603,0,32.423264,51.253556,1090,5,1,1332502937,1350023112,0
GSM,255,3,29000,9602,0,32.424247,51.24858,3308,26,1,1332507514,1350026948,0
GSM,255,3,29000,602,0,32.377245,50.933781,35615,134,1,1332512042,1350028448,0
GSM,255,3,29000,1663,0,32.335724,51.213316,7911,9,1,1332512630,1350028146,0
GSM,255,3,29000,901,0,32.169379,51.186019,13167,11,1,1332512808,1350028446,0
GSM,255,3,29000,1351,0,32.382906,50.906789,34256,123,1,1332512940,1350027848,0
GSM,255,3,29000,981,0,32.128807,51.179424,11244,15,1,1332513091,1350028746,0
GSM,255,3,29000,883,0,31.937814,51.172285,11785,9,1,1332513424,1348215732,0
GSM,255,3,29000,882,0,32.045995,51.164773,7498,13,1,1332513480,1350028748,0
GSM,255,3,29200,962,0,31.879663,51.192365,8280,11,1,1332513701,1349593763,0
GSM,255,3,29100,892,0,32.231826782227,51.196975708008,1000,1,1,1332493069,1332493069,0
GSM,255,3,29000,902,0,32.105352,51.17548,9133,12,1,1332513863,1350028748,0
GSM,255,3,29000,373,0,32.105352,51.17548,9133,12,1,1332513863,1350028748,0
GSM,255,3,29000,982,0,32.107938,51.176121,8746,5,1,1332513863,1348214832,0
GSM,255,3,29000,881,0,32.032299,51.162259,6084,7,1,1332513863,1350028748,0
GSM,255,3,29200,361,0,31.871892,51.226815,14116,14,1,1332513863,1349594365,0
GSM,255,3,29200,8431,0,31.702021,51.296684,35950,37,1,1332514012,1349594065,0
GSM,255,3,29200,432,0,31.681643,51.300679,34610,33,1,1332514104,1349593465,0
GSM,255,3,29200,961,0,31.83988,51.236611,12410,14,1,1332514674,1349594065,0
GSM,255,3,29200,963,0,31.849498,51.218492,9666,12,1,1332514674,1349594365,0
GSM,255,3,29000,911,0,31.953049,51.147537,1000,2,1,1332514767,1342771036,0
GSM,255,3,29200,431,0,31.697389,51.30486,35102,38,1,1332514767,1349594065,0
GSM,255,3,29200,2393,0,31.565899,51.378654,30534,20,1,1332514767,1342777149,0
GSM,255,3,29200,391,0,31.886454,51.102391,8510,8,1,1332514767,1349592565,0
GSM,255,3,29200,8433,0,31.863786,51.193771,3422,3,1,1332514767,1349593765,0
GSM,255,3,29200,362,0,31.796255,51.283132,14287,18,1,1332514968,1349594365,0
GSM,255,3,29200,561,0,31.680013,51.350014,7544,30,1,1332515566,1349595265,0
GSM,255,3,29200,363,0,31.777824,51.302205,8272,13,1,1332515581,1349594965,0
GSM,255,3,29200,9562,0,31.641662,51.37868,5965,16,1,1332515880,1348716888,0
GSM,255,3,29200,9561,0,31.611871,51.400848,6482,20,1,1332516453,1349595865,0
GSM,255,3,29200,9563,0,31.632162,51.392213,2597,6,1,1332516480,1349595565,0
GSM,255,3,29200,4523,0,31.722877,51.330028,6882,8,1,1332516562,1349594665,0
GSM,255,3,29200,1522,0,31.701057,51.329962,4095,6,1,1332516562,1349594965,0
GSM,255,3,29200,4522,0,31.778645,51.313707,2430,3,1,1332516562,1349594365,0
GSM,255,3,29200,1562,0,31.653285,51.36607,8172,31,1,1332516562,1349595565,0
GSM,255,3,29200,1563,0,31.643628,51.376691,4494,22,1,1332516562,1349595565,0
GSM,255,3,29200,8561,0,31.662557,51.354815,6917,15,1,1332516562,1349595265,0
GSM,255,3,29200,4161,0,31.510952,51.427613,9710,15,1,1332516720,1349596165,0
GSM,255,3,29200,4162,0,31.477496,51.423924,11928,21,1,1332517027,1349596465,0
GSM,255,3,29200,4141,0,31.322571,51.426607,14280,30,1,1332517190,1351292592,0
GSM,255,3,29200,563,0,31.590548,51.395201,12687,34,1,1332517473,1349596165,0
GSM,255,3,29200,1561,0,31.585035,51.406416,7770,14,1,1332517473,1349595865,0
GSM,255,3,29200,2162,0,31.533215,51.428672,3662,7,1,1332517473,1349595865,0
GSM,255,3,29200,1523,0,31.575424,51.409846,7948,4,1,1332517473,1349595865,0
GSM,255,3,29200,8082,0,31.328362,51.449235,6388,19,1,1332517681,1349597363,0
GSM,255,3,29200,8012,0,31.306977,51.484618,5263,11,1,1332518187,1351054365,0
GSM,255,3,29200,16462,0,31.314782,51.494664,4749,13,1,1332518284,1350875297,0
GSM,255,3,29200,18021,0,31.29477,51.482967,10165,20,1,1332518419,1350890084,0
GSM,255,3,29200,82,0,31.340627,51.432147,9560,25,1,1332518419,1349597365,0
GSM,255,3,29200,12,0,31.305349,51.474922,8967,28,1,1332518419,1350875205,0
GSM,255,3,29200,1042,0,31.342768,51.510407,6719,13,1,1332518419,1350875805,0
GSM,255,3,29200,9102,0,31.314007,51.496812,4689,9,1,1332518419,1350875505,0
GSM,255,3,29200,9053,0,31.325799,51.509514,1276,12,1,1332518621,1350876105,0
GSM,255,3,29200,81,0,31.30533,51.465083,14938,27,1,1332519355,1350875205,0
GSM,255,3,29200,11,0,31.311605,51.499902,6963,12,1,1332519355,1351055565,0
GSM,255,3,29200,1052,0,31.316983,51.499635,5167,18,1,1332519355,1351055565,0
GSM,255,3,29200,16461,0,31.312666,51.500758,5403,29,1,1332519355,1351218617,0
GSM,255,3,29200,9052,0,31.313338,51.501847,2283,28,1,1332519355,1351055565,0
GSM,255,3,29200,9103,0,31.308786,51.509026,2550,22,1,1332519355,1351218317,0
GSM,255,3,29200,9042,0,31.338575,51.513784,7699,16,1,1332744995,1350875817,0
GSM,255,3,29200,16463,0,31.30891,51.505094,3864,22,1,1332747765,1349400847,0
GSM,255,3,29200,1013,0,31.303888,51.517197,5591,17,1,1332747765,1350721051,0
GSM,255,3,29200,8073,0,31.287627,51.51352,2144,22,1,1332747765,1350872921,0
GSM,255,3,29200,23,0,31.262599,51.483917,5036,17,1,1333166938,1350889484,0
GSM,255,3,29200,18023,0,31.273268,51.488156,3028,33,1,1333167015,1351291391,0
GSM,255,3,29200,28023,0,31.221206,51.468015,4044,11,1,1333167337,1348824785,0
GSM,255,3,29200,9032,0,31.237654,51.472368,2648,15,1,1333168011,1351292191,0
GSM,255,3,29200,9033,0,31.211662,51.463004,4335,14,1,1333168213,1351292291,0
GSM,255,3,29200,1011,0,31.315243,51.5172,3447,39,1,1333168269,1350721051,0
GSM,255,3,29200,22,0,31.220435,51.46587,5235,15,1,1333168269,1351292292,0
GSM,255,3,29200,131,0,31.270023,51.515954,5481,11,1,1333168269,1348966114,0
GSM,255,3,29200,1032,0,31.242537,51.476272,3650,16,1,1333169627,1351292292,0
GSM,255,3,29200,1033,0,31.224518,51.470948,1097,2,1,1333169627,1348824486,0
GSM,255,3,29200,9223,0,31.234815,51.474611,2274,6,1,1333169627,1351291692,0
GSM,255,3,29200,111,0,31.216037,51.453678,7029,12,1,1333169627,1351292592,0
GSM,255,3,29200,102,0,31.22062,51.46294,3258,3,1,1333169627,1351291992,0
GSM,255,3,29200,112,0,31.19961,51.405273,7912,3,1,1333170888,1351292591,0
GSM,255,1,18620,26471,0,31.09798,51.352135,27809,21,1,1333170889,1357948959,0
GSM,255,1,18620,26473,0,30.988602,51.26525,14604,51,1,1333170889,1357950759,0
GSM,255,1,18620,26423,0,30.845496,51.070166,13135,32,1,1333170906,1357952259,0
GSM,255,1,18620,26362,0,30.8184,51.029437,8233,14,1,1333171117,1357952259,0
GSM,255,1,18620,26943,0,30.812621,51.017993,10456,24,1,1333171448,1357952559,0
GSM,255,1,18620,26941,0,30.855308,51.04694,22490,25,1,1333171503,1357952259,0
GSM,255,1,18620,2755,0,30.79362,50.949375,5799,30,1,1333171696,1357961719,0
GSM,255,1,18620,24692,0,30.777671,50.939,4831,34,1,1333171988,1357961718,0
GSM,255,1,18620,4691,0,30.80992,50.955794,10165,70,1,1333172102,1357962619,0
GSM,255,3,29200,113,0,31.162486,51.43181,2466,3,1,1333172289,1351292592,0
GSM,255,3,29200,83,0,31.166149,51.4349,2892,4,1,1333172289,1351292592,0
GSM,255,1,18620,26472,0,31.039152,51.313982,17889,21,1,1333172289,1357948959,0
GSM,255,1,18620,26092,0,31.039582,51.319404,7205,7,1,1333172289,1357949260,0
GSM,255,1,18620,26091,0,31.099314,51.366349,3671,6,1,1333172289,1357948659,0
GSM,255,1,18230,4482,0,30.965782,51.029118,69840,94,1,1333172289,1357950759,0
GSM,255,1,18620,26113,0,30.983902,51.269008,11739,29,1,1333172289,1357949859,0
GSM,255,1,18620,26111,0,30.967719,51.25163,12936,34,1,1333172289,1357950459,0
GSM,255,1,18620,26116,0,30.980725,51.261527,10885,10,1,1333172289,1357949259,0
GSM,255,1,18230,26523,0,31.117479,51.349633,24096,36,1,1333172289,1358069625,0
GSM,255,1,18620,26363,0,30.861936,51.093136,11859,34,1,1333172289,1357951657,0
GSM,255,1,18620,26942,0,30.858866,50.951755,16389,31,1,1333172289,1357965461,0
GSM,255,1,18620,4693,0,30.796113,50.947532,5625,42,1,1333172289,1357962619,0
GSM,255,1,18620,24693,0,30.790441,50.948126,5322,43,1,1333172289,1357962019,0
GSM,255,1,18620,13893,0,30.826117,50.956139,9425,74,1,1333172289,1357967581,0
GSM,255,1,18620,24691,0,30.871033,50.941201,11199,22,1,1333172289,1357967881,0
GSM,255,1,18620,4692,0,30.777623,50.942746,4378,24,1,1333179020,1357962019,0
GSM,255,1,18620,26103,0,30.860093,50.949738,10520,70,1,1333179020,1357967881,0
GSM,255,1,18620,13891,0,30.892047,50.945521,18737,60,1,1333179584,1357968181,0
GSM,255,1,18620,13892,0,30.872563,50.942704,13488,58,1,1333184369,1357967881,0
GSM,255,1,18620,26102,0,30.92672,50.935815,14440,33,1,1333184369,1357968181,0
GSM,255,1,18230,26403,0,31.154491,51.113688,45825,62,1,1333186175,1358034240,0
GSM,255,1,18230,26953,0,31.036959,50.919814,7024,24,1,1333186423,1357968481,0
GSM,255,1,18620,26106,0,30.887503,50.945269,8227,34,1,1333187038,1357967581,0
GSM,255,1,18230,4322,0,31.139427,51.001963,58158,134,1,1333187038,1358034840,0
GSM,255,1,18620,26361,0,30.90225,50.983807,11433,4,1,1333187038,1353113013,0
GSM,255,1,18230,26952,0,31.145605,51.030631,54952,98,1,1333187038,1358034240,0
GSM,255,1,18230,14373,0,31.144502,51.011828,57011,128,1,1333187907,1358033639,0
GSM,255,1,18230,26401,0,31.172781,51.079293,49411,78,1,1333188374,1358033941,0
GSM,255,1,18230,26951,0,31.107666,50.913476,15036,41,1,1333188374,1358033341,0
GSM,255,1,18230,4323,0,31.109698,50.921973,20128,87,1,1333188374,1358033040,0
GSM,255,1,18230,24322,0,31.110598,50.907265,10633,77,1,1333188374,1358033640,0
GSM,255,1,18230,24323,0,31.11076,50.922451,9822,21,1,1333188374,1357979183,0
GSM,255,1,18230,14371,0,31.114131,50.911831,17260,77,1,1333189106,1358033040,0
GSM,255,1,18230,14372,0,31.115079,50.907,10542,26,1,1333189716,1358033640,0
GSM,255,1,18230,4321,0,31.120177,50.939055,13631,32,1,1333189716,1357979183,0
GSM,255,1,18230,26923,0,31.172123,51.068831,50410,78,1,1333193808,1358034240,0
GSM,255,1,18230,26553,0,31.11681,51.011684,16963,16,1,1333196658,1356152982,0
GSM,255,1,18230,26551,0,30.982973,50.825008,47426,50,1,1333197306,1343457221,0
GSM,255,1,18230,45983,0,31.011975,50.913716,57486,62,1,1333197536,1357950159,0
GSM,255,1,18230,45982,0,31.17181,51.111638,11751,7,1,1333197611,1343457523,0
GSM,255,1,18230,4481,0,31.055512,50.955635,62614,64,1,1333197857,1356257095,0
GSM,255,1,18230,26552,0,31.151947,51.051408,9318,6,1,1333197903,1343456923,0
GSM,255,1,18230,4483,0,31.01375,50.878454,58993,57,1,1333197903,1343458423,0
GSM,255,1,18230,26173,0,31.178507,51.142044,3258,2,1,1333177794,1333177794,0
GSM,255,1,18230,26992,0,30.978143,50.820209,47660,48,1,1333197903,1343457523,0
GSM,255,1,18230,45981,0,31.185801,51.147998,10075,3,1,1333197903,1343457523,0
GSM,255,1,18230,2643,0,31.256626,51.295992,10746,10,1,1333198148,1343458423,0
GSM,255,1,18230,26522,0,31.13151,51.286276,19619,18,1,1333198470,1357950159,0
GSM,255,1,18230,26521,0,31.339789,51.42718,20169,54,1,1333198787,1358069623,0
GSM,255,1,18230,2642,0,31.228967,51.236654,16017,9,1,1333199249,1343458123,0
GSM,255,1,18230,26993,0,30.992258,50.845927,56497,50,1,1333199249,1343457823,0
GSM,255,1,18620,4682,0,31.297706,51.4836,10566,80,1,1333199249,1358748773,0
GSM,255,1,18230,42953,0,31.337933,51.409148,48626,14,1,1333199249,1358068725,0
GSM,255,1,18620,3662,0,31.244277,51.437705,15163,22,1,1333199249,1358069625,0
GSM,255,1,18620,26835,0,31.295133,51.484524,4115,13,1,1333199383,1358069925,0
GSM,255,1,18620,3622,0,31.307894,51.476327,9489,24,1,1333199575,1357532125,0
GSM,255,1,18620,24671,0,31.348191,51.51332,5014,34,1,1333199945,1358491317,0
GSM,255,1,18620,2715,0,31.311538,51.500748,1609,15,1,1333200006,1357532125,0
GSM,255,1,18620,26597,0,31.310165,51.512711,2717,45,1,1333200232,1358749071,0
GSM,255,1,18620,24673,0,31.318539,51.512245,4068,168,1,1333200309,1358948385,0
GSM,255,1,18620,2476,0,31.316988,51.512539,3170,285,1,1333200564,1358948683,0
GSM,255,1,18620,26412,0,31.386883,51.468346,14569,39,1,1333200602,1358491016,0
GSM,255,1,18620,4672,0,31.323385,51.493298,8902,22,1,1333200602,1358491316,0
GSM,255,1,18620,3612,0,31.319843,51.505334,15313,210,1,1333200602,1358948685,0
GSM,255,1,18620,3661,0,31.296992,51.4525,8585,35,1,1333200602,1358069625,0
GSM,255,1,18620,26604,0,31.314468383789,51.496353149414,1000,1,1,1333179894,1333179894,0
GSM,255,1,18620,23661,0,31.254035,51.475634,4777,11,1,1333200602,1357947457,0
GSM,255,1,18620,46956,0,31.291967,51.493185,2090,13,1,1333200602,1358748473,0
GSM,255,1,18620,26155,0,31.246069,51.473288,5386,5,1,1333200602,1357947459,0
GSM,255,1,18620,2585,0,31.277379,51.483313,2949,2,1,1333200602,1357946851,0
GSM,255,1,18620,26334,0,31.312361,51.504136,1978,15,1,1333200602,1357542918,0
GSM,255,1,18620,26335,0,31.312493,51.500302,1589,16,1,1333200602,1357532125,0
GSM,255,1,18620,2717,0,31.312777,51.507762,1782,13,1,1333200602,1357532424,0
GSM,255,1,18620,2716,0,31.304927,51.496715,2241,19,1,1333200602,1358070225,0
GSM,255,1,18620,2525,0,31.334338,51.509442,3551,17,1,1333200602,1358491316,0
GSM,255,1,18620,2226,0,31.352916,51.515844,4586,21,1,1333200602,1358380336,0
GSM,255,1,18620,26598,0,31.304965,51.512614,2429,25,1,1333201963,1358749073,0
GSM,255,1,18620,45617,0,31.316334,51.511624,2852,92,1,1333201963,1358948085,0
GSM,255,1,18620,45615,0,31.318443,51.512437,2937,170,1,1333201963,1358948685,0
GSM,255,1,18620,4673,0,31.318778,51.512617,6821,216,1,1333201963,1358948685,0
GSM,255,1,18620,2475,0,31.31752,51.512307,2895,180,1,1333201963,1358948685,0
GSM,255,1,18620,21515,0,31.300239,51.502129,3638,39,1,1333201963,1358945985,0
GSM,255,1,18620,4452,0,31.058464,51.732593,30325,102,1,1333963109,1354355044,0
GSM,255,3,29200,4051,0,30.98704,51.746141,23707,211,1,1333963113,1354354142,0
GSM,255,1,18620,26231,0,30.962084,51.746704,3340,10,1,1333963343,1354340363,0
GSM,255,1,18620,4453,0,31.065091,51.79233,9230,31,1,1333963343,1354355044,0
GSM,255,3,29200,4022,0,31.054389,51.712972,29911,195,1,1333963343,1349078634,0
GSM,255,3,29200,233,0,31.040267,51.730344,22498,112,1,1333969244,1349079533,0
GSM,255,1,18620,42423,0,30.989762,51.752085,7836,14,1,1333969244,1354353244,0
GSM,255,1,18620,4451,0,31.155407,51.714564,31455,64,1,1333969592,1356565284,0
GSM,255,3,29200,4021,0,31.11831,51.695319,25757,143,1,1333969592,1349079234,0
GSM,255,3,29200,4053,0,30.979542,51.753959,9265,57,1,1333969592,1349077734,0
GSM,255,3,29200,4563,0,30.965425,51.738968,2981,6,1,1333969592,1344659260,0
GSM,255,3,29200,321,0,30.969456,51.744527,8093,35,1,1333985876,1348969114,0
GSM,255,3,29200,1322,0,31.012532,51.783963,5041,7,1,1333986160,1345791077,0
GSM,255,3,29200,4233,0,31.061909,51.738741,17707,76,1,1333986446,1349079234,0
GSM,255,3,29200,4222,0,31.143538,51.738746,10038,16,1,1333986700,1349078934,0
GSM,255,3,29200,4023,0,31.204389,51.636288,22566,63,1,1333986733,1349078634,0
GSM,255,3,29200,4223,0,31.223933,51.624459,22939,62,1,1333987019,1349078934,0
GSM,255,3,29200,1253,0,31.232149,51.596828,14629,31,1,1333987242,1348966714,0
GSM,255,3,29200,4561,0,31.197142,51.660096,12953,13,1,1333987309,1345792577,0
GSM,255,3,29200,18063,0,31.257031,51.549913,6750,6,1,1333987536,1348966414,0
GSM,255,3,29200,133,0,31.25628,51.540129,4079,8,1,1333987563,1349079833,0
GSM,255,3,29200,231,0,31.202418,51.650939,12837,16,1,1333987593,1349079534,0
GSM,255,3,29200,232,0,31.217285,51.624217,10487,19,1,1333987593,1349079534,0
GSM,255,3,29200,1231,0,31.218959,51.62113,15848,21,1,1333987604,1349079471,0
GSM,255,3,29200,18073,0,31.273619,51.525766,5940,12,1,1333987873,1349842110,0
GSM,255,3,29200,1233,0,31.223041,51.613361,11757,10,1,1333987878,1349079534,0
GSM,255,3,29200,1251,0,31.239867,51.583101,8369,6,1,1333987878,1349079534,0
GSM,255,3,29200,10062,0,31.266643,51.537477,8273,18,1,1333988165,1349080734,0
GSM,255,3,29200,18062,0,31.268306,51.545451,7487,8,1,1333988165,1350720751,0
GSM,255,3,29200,8141,0,31.28308,51.517837,2519,14,1,1333988165,1350891331,0
GSM,255,3,29200,1021,0,31.27867,51.498736,4576,15,1,1333989020,1350890731,0
GSM,255,3,29200,8261,0,31.308845,51.503564,3739,32,1,1334040537,1351291092,0
GSM,255,3,29200,62,0,31.310971,51.503408,3217,22,1,1334043143,1349845964,0
GSM,255,3,29200,1053,0,31.320717,51.512627,2767,20,1,1334047705,1351218617,0
GSM,255,3,29200,61,0,31.317974,51.502652,11475,29,1,1334047705,1351218617,0
GSM,255,3,29200,9151,0,31.350995,51.517504,3237,5,1,1334205295,1344135507,0
GSM,255,3,29200,93,0,31.314026,51.518278,3506,28,1,1334205432,1349846264,0
GSM,255,3,29200,10061,0,31.305816,51.530477,6606,13,1,1334205432,1350721049,0
GSM,255,3,29200,1252,0,31.259081,51.568163,10396,14,1,1334205432,1350721051,0
GSM,255,3,29200,9152,0,31.341701,51.511919,4125,6,1,1334205997,1349908177,0
GSM,255,1,18230,2167,0,32.245377,51.763784,7158,38,1,1334315460,1354175022,0
GSM,255,3,29100,2523,0,32.075271606445,51.784744262695,1000,1,1,1334204045,1334204045,0
GSM,255,1,18230,26466,0,32.242927,51.763803,7751,24,1,1334315779,1358402951,0
GSM,255,1,18240,4601,0,32.356854,51.545219,46760,137,1,1334316151,1358484903,0
GSM,255,1,18240,24601,0,32.404053,51.541941,43589,79,1,1334316154,1358408298,0
GSM,255,1,18240,26081,0,32.978225,51.608288,4017,4,1,1334295820,1334295820,0
GSM,255,3,29100,1583,0,32.851181030273,51.61994934082,1000,1,1,1334296120,1334296120,0
GSM,255,1,18240,2741,0,32.733748,51.597988,6073,4,1,1334297020,1334297020,0
GSM,255,1,18230,14271,0,32.373552,51.565264,45345,63,1,1334316402,1358486703,0
GSM,255,1,18240,26391,0,32.322913,51.53845,49193,149,1,1334316402,1358485803,0
GSM,255,1,18240,4603,0,32.213955,51.534571,19133,59,1,1334316402,1358486403,0
GSM,255,1,18240,26673,0,32.478157,51.538005,38622,79,1,1334316402,1358483055,0
GSM,255,1,18240,2185,0,32.478447,51.548457,38395,43,1,1334316402,1352456713,0
GSM,255,1,18240,13753,0,32.982111,51.613549,4106,3,1,1334295822,1334295822,0
GSM,255,1,18240,26082,0,32.982111,51.613549,4106,3,1,1334295822,1334295822,0
GSM,255,1,15020,34463,0,32.95761,51.622701,2328,2,1,1334295822,1334295822,0
GSM,255,3,29100,1582,0,32.851181030273,51.61994934082,1000,1,1,1334296122,1334296122,0
GSM,255,3,29100,583,0,32.851181030273,51.61994934082,1000,1,1,1334296122,1334296122,0
GSM,255,3,29100,8583,0,32.851181030273,51.61994934082,1000,1,1,1334296122,1334296122,0
GSM,255,3,29100,1581,0,32.851181030273,51.61994934082,1000,1,1,1334296122,1334296122,0
GSM,255,1,18240,26083,0,32.726211547852,51.58561706543,1000,1,1,1334296722,1334296722,0
GSM,255,1,18240,26713,0,32.623783,51.53279,9200,2,1,1334316711,1352453750,0
GSM,255,1,18240,2743,0,32.518495,51.529315,5585,8,1,1334317135,1358481758,0
GSM,255,1,18240,4632,0,32.520192,51.491843,9892,35,1,1334317362,1358481758,0
GSM,255,1,18240,26671,0,32.509624,51.508781,16035,43,1,1334317362,1358482755,0
GSM,255,1,18240,4633,0,32.4378,51.511837,18039,68,1,1334317414,1358483055,0
GSM,255,1,18240,4631,0,32.398984,51.550442,11805,12,1,1334317668,1358481458,0
GSM,255,1,18240,26676,0,32.451667,51.519192,13410,26,1,1334317872,1358483055,0
GSM,255,1,18240,26674,0,32.503624,51.5177,5930,35,1,1334317961,1358482453,0
GSM,255,1,18240,26675,0,32.502763,51.498307,17156,29,1,1334318259,1358481758,0
GSM,255,1,18240,26771,0,32.431606,51.496933,14300,28,1,1334318301,1358483355,0
GSM,255,1,18240,42161,0,32.410864,51.5218,12891,14,1,1334318565,1355461225,0
GSM,255,1,18240,24602,0,32.286663,51.524247,18435,61,1,1334318584,1358484603,0
GSM,255,1,18240,26396,0,32.206321,51.525031,10257,33,1,1334318911,1358486103,0
GSM,255,1,18230,26872,0,32.41623,51.522245,14278,11,1,1334319183,1355454841,0
GSM,255,1,18240,26773,0,32.282443,51.52326,9230,7,1,1334319183,1355453694,0
GSM,255,1,18240,26393,0,32.205743,51.526282,13994,46,1,1334320243,1358486103,0
GSM,255,1,18240,26392,0,32.241727,51.525128,17177,72,1,1334320391,1358485803,0
GSM,255,1,18240,26911,0,32.184118,51.521284,28299,11,1,1334320391,1358486103,0
GSM,255,1,18240,2183,0,32.105325,51.539362,13167,7,1,1334320979,1354239269,0
GSM,255,1,18240,2186,0,32.093124389648,51.540298461914,1000,1,1,1334301212,1334301212,0
GSM,255,1,18230,4622,0,31.813886,51.576028,9069,15,1,1334321567,1356591786,0
GSM,255,1,18240,26913,0,31.79245,51.463392,19202,14,1,1334321572,1358486403,0
GSM,255,1,18230,14272,0,31.87564,51.57448,8417,8,1,1334321650,1358487003,0
GSM,255,1,18230,24621,0,31.791811,51.585899,6855,10,1,1334321849,1356591785,0
GSM,255,1,18230,14273,0,31.817818,51.579239,12982,15,1,1334321887,1358489215,0
GSM,255,1,18240,45793,0,31.910084,51.568771,21913,6,1,1334321887,1358487003,0
GSM,255,1,18230,24622,0,31.757006,51.573264,5108,8,1,1334322508,1356591786,0
GSM,255,1,18230,4621,0,31.77904,51.615226,20655,11,1,1334323529,1356591786,0
GSM,255,1,18230,24623,0,31.681667,51.565055,14040,10,1,1334323689,1356592086,0
GSM,255,1,18230,26252,0,31.594842,51.570439,26838,43,1,1334323689,1358490116,0
GSM,255,1,18230,4623,0,31.593303,51.532301,24589,22,1,1334323981,1358381836,0
GSM,255,1,18230,26621,0,31.540506,51.553084,7077,10,1,1334324273,1358490116,0
GSM,255,1,18230,26043,0,31.529739,51.43536,19254,34,1,1334324564,1358489516,0
GSM,255,1,18230,26257,0,31.522987,51.589861,19105,24,1,1334324564,1358490414,0
GSM,255,1,18230,26622,0,31.484451,51.535183,11781,15,1,1334324751,1358490114,0
GSM,255,1,18620,26414,0,31.424452,51.54258,9651,17,1,1334324975,1358490714,0
GSM,255,1,18620,3611,0,31.398223,51.524712,23382,52,1,1334325029,1358491016,0
GSM,255,1,18230,26623,0,31.511732,51.590111,9387,15,1,1334325150,1358490116,0
GSM,255,1,18230,26253,0,31.511724,51.570525,17319,26,1,1334325150,1358490116,0
GSM,255,1,18230,26256,0,31.573377,51.646927,15765,22,1,1334325150,1358490416,0
GSM,255,1,18620,4671,0,31.372857,51.520569,10856,32,1,1334325446,1358491016,0
GSM,255,1,18620,2225,0,31.366193,51.50798,13510,26,1,1334325629,1358491014,0
GSM,255,1,18620,26985,0,31.325606,51.510393,2298,9,1,1334325629,1355353886,0
GSM,255,1,18620,26411,0,31.452255,51.554114,12994,24,1,1334325733,1358491016,0
GSM,255,1,18620,26413,0,31.362794,51.517168,8069,20,1,1334325733,1358491016,0
GSM,255,1,18620,26986,0,31.311034,51.503906,1122,2,1,1334326302,1353032309,0
GSM,255,1,18620,14155,0,31.317336,51.511783,2914,68,1,1334326878,1358948685,0
GSM,255,1,12625,5119,0,34.543625,49.579788,1000,10,1,1459745760,1459745760,0
GSM,255,1,10085,24927,0,36.167265,49.97646,1000,93,1,1459751775,1459751775,0
GSM,255,1,1832,34217,0,30.509719848633,50.488357543945,1000,1,1,1459776696,1459776696,0
GSM,255,1,52012,20517,0,25.466995239258,50.017318725586,1000,1,1,1459776696,1459776696,0
GSM,255,3,10102,29017,0,30.971832,51.736679,1000,2,1,1335103665,1339912432,0
GSM,255,3,29200,10063,0,31.256118,51.55369,7785,20,1,1335107988,1349080134,0
GSM,255,3,29200,1232,0,31.227845,51.604846,8376,10,1,1335108050,1348966714,0
GSM,255,3,29200,8061,0,31.313094,51.501847,1987,11,1,1335252334,1350875503,0
GSM,255,3,29200,8062,0,31.311916,51.50479,2567,7,1,1335254197,1346481109,0
GSM,255,3,29200,9153,0,31.330262,51.516953,1000,2,1,1335234686,1335234686,0
GSM,255,3,29200,8053,0,31.300496,51.538658,10624,5,1,1335254423,1350718717,0
GSM,255,3,29200,9101,0,31.320819,51.511117,3237,24,1,1335254670,1351055865,0
GSM,255,3,29200,8091,0,31.319704,51.520815,2014,16,1,1335255245,1350720517,0
GSM,255,3,29200,8093,0,31.313595,51.519824,1305,22,1,1335255617,1349404395,0
GSM,255,3,29200,53,0,31.312877,51.516521,3623,19,1,1335255617,1350721051,0
GSM,255,3,29200,9043,0,31.312556,51.527304,12136,15,1,1335266025,1350876105,0
GSM,255,3,29200,9011,0,31.314511,51.521545,1651,32,1,1335267024,1350721055,0
GSM,255,3,29200,91,0,31.321441,51.522551,1824,13,1,1335267043,1350720521,0
GSM,255,3,29200,142,0,31.283515,51.493983,9037,11,1,1335538709,1349597065,0
GSM,255,3,29200,223,0,31.243029,51.592721,26023,26,1,1335540160,1348967314,0
GSM,255,3,18620,4452,0,30.953292,51.775132,1000,2,1,1335695600,1342395477,0
GSM,255,1,29200,4563,0,30.969772338867,51.736679077148,1000,1,1,1335521099,1335521099,0
GSM,255,1,18620,26232,0,30.962908,51.745606,2515,4,1,1335696087,1354340363,0
GSM,255,1,18620,2723,0,31.031569,51.743351,24123,18,1,1335696087,1354356244,0
GSM,255,6,10102,29017,0,30.969429,51.735992,1000,4,1,1335698096,1339913332,0
GSM,255,1,10102,29017,0,30.968399047852,51.735305786133,1000,1,1,1335678719,1335678719,0
GSM,255,3,29179,523,0,32.220392,51.75828,8386,18,1,1336133477,1349939695,0
GSM,255,1,18230,24611,0,32.275572,51.77458,12354,22,1,1336133972,1358406500,0
GSM,255,1,18230,26461,0,32.293014,51.769946,13008,19,1,1336133972,1348121862,0
GSM,255,1,18230,26873,0,32.293422,51.644695,22487,14,1,1336134053,1352455814,0
GSM,255,1,18230,26464,0,32.289498,51.777666,7288,6,1,1336134101,1341980976,0
GSM,255,1,18230,26462,0,32.264229,51.766401,13480,33,1,1336134246,1358406800,0
GSM,255,1,18230,26931,0,32.399008,51.806035,4270,4,1,1336136954,1341625925,0
GSM,255,3,29179,1793,0,32.562089,51.895175,26492,23,1,1336136955,1341980074,0
GSM,255,3,29179,10542,0,32.585884,52.160992,11906,74,1,1336137139,1341977674,0
GSM,255,3,29179,593,0,32.561111,51.893463,22698,21,1,1336137141,1341980076,0
GSM,255,3,29179,2541,0,32.632953,51.951313,15108,7,1,1336117003,1336117003,0
GSM,255,3,29179,18541,0,32.591054,52.163942,8801,33,1,1336137401,1341977676,0
GSM,255,3,29179,10541,0,32.592461,52.163135,8671,30,1,1336137555,1341977676,0
GSM,255,3,29179,1542,0,32.596651,52.158446,8086,17,1,1336137830,1450832704,0
GSM,255,3,29179,9542,0,32.583938,52.172012,1000,5,1,1336137830,1341977076,0
GSM,255,3,29179,18542,0,32.577081,52.164534,9473,74,1,1336138001,1341977076,0
GSM,255,3,29179,10543,0,32.577761,52.163362,9346,70,1,1336138246,1450832704,0
GSM,255,3,29179,4173,0,32.612228393555,52.165145874023,1000,1,1,1336286077,1336286077,0
GSM,255,3,29179,842,0,32.656033,52.036614,9406,10,1,1336306874,1459094392,0
GSM,255,3,29179,843,0,32.657886,52.029191,10233,4,1,1336307235,1341978576,0
GSM,255,3,29179,2603,0,32.660056,52.026673,10517,6,1,1336307235,1341978576,0
GSM,255,3,29179,591,0,32.566473,51.88829,15913,8,1,1336307235,1394544306,0
GSM,255,3,29179,841,0,32.654784,52.011567,12191,6,1,1336307569,1341978574,0
GSM,255,3,29179,2551,0,32.63311,52.021511,11184,10,1,1336307784,1459094392,0
GSM,255,3,29179,2602,0,32.643127,51.966019,1000,2,1,1336307784,1341978576,0
GSM,255,3,29179,2593,0,32.626706,51.878367,13363,7,1,1336308196,1409270703,0
GSM,255,3,29179,4083,0,32.628707885742,51.878128051758,1000,1,1,1336288177,1336288177,0
GSM,255,3,29179,592,0,32.496572,51.849854,7167,5,1,1336308471,1341979476,0
GSM,255,3,29179,1792,0,32.521282,51.850691,8668,5,1,1336309019,1341979476,0
GSM,255,3,18230,26931,0,32.354736,51.777878,1000,2,1,1336311005,1341980293,0
GSM,255,1,65334,26461,0,32.281265258789,51.772384643555,1000,1,1,1336289975,1336289975,0
GSM,255,1,18230,26451,0,31.958953,51.809172,12147,55,1,1336311010,1358401751,0
GSM,255,3,29179,1492,0,32.011625,51.777436,13807,30,1,1336311173,1349932477,0
GSM,255,1,18230,26933,0,32.251636,51.726871,5783,7,1,1336311222,1358404224,0
GSM,255,1,18230,26454,0,31.954655,51.813207,10848,43,1,1336311222,1358398464,0
GSM,255,1,18230,26024,0,32.00033,51.784167,7143,14,1,1336311222,1358401451,0
GSM,255,3,29179,831,0,31.956277,51.750854,9040,13,1,1336311550,1453685688,0
GSM,255,3,29179,1493,0,31.955063,51.800093,13593,41,1,1336311588,1349932479,0
GSM,255,3,29179,492,0,31.948299,51.809824,9125,65,1,1336311773,1430346907,0
GSM,255,3,29179,8832,0,31.903758,51.724669,8172,8,1,1336311865,1453685688,0
GSM,255,3,29179,832,0,31.804059,51.657084,16432,11,1,1336312049,1453685688,0
GSM,255,3,29179,833,0,31.892187,51.701963,10639,7,1,1336312049,1453685688,0
GSM,255,3,29179,4513,0,31.900057,51.585496,10631,8,1,1336312440,1485261198,0
GSM,255,3,29200,512,0,31.679802,51.594582,11386,8,1,1336312697,1349909486,0
GSM,255,3,29200,511,0,31.7507,51.577164,7811,6,1,1336312739,1341984300,0
GSM,255,3,29179,4512,0,31.946254,51.565793,10280,2,1,1336313016,1433930146,0
GSM,255,3,29200,2161,0,31.633455,51.559747,8568,7,1,1336313292,1341984900,0
GSM,255,3,29200,4521,0,31.738815307617,51.567764282227,1000,1,1,1336293277,1336293277,0
GSM,255,3,29200,202,0,31.50535,51.55198,3115,2,1,1336294177,1336294177,0
GSM,255,3,29200,1513,0,31.549301147461,51.558151245117,1000,1,1,1336293877,1336293877,0
GSM,255,3,29200,1521,0,31.577454,51.558155,1946,2,1,1336313843,1341984600,0
GSM,255,3,29200,8051,0,31.325454711914,51.511459350586,1000,1,1,1336295077,1336295077,0
GSM,255,3,29200,9112,0,31.283981,51.493881,1635,5,1,1337402673,1351215272,0
GSM,255,3,29200,4231,0,31.123087,51.752346,10203,5,1,1337406147,1348967914,0
GSM,255,3,29200,322,0,30.853307,51.691007,30545,11,1,1337537609,1348969114,0
GSM,255,1,18620,2763,0,31.071654,51.792993,9731,32,1,1337538959,1354355342,0
GSM,255,1,18620,4456,0,31.159988,51.703507,23864,48,1,1337539118,1354355344,0
GSM,255,1,18620,4454,0,31.082491,51.795208,10025,26,1,1337539503,1354355042,0
GSM,255,1,18620,4455,0,31.1317,51.72068,26470,51,1,1337539642,1354355044,0
GSM,255,1,18620,42421,0,31.167847,51.708532,10675,10,1,1337540080,1354355944,0
GSM,255,1,18620,2553,0,31.159956,51.714717,16951,7,1,1337540324,1354355644,0
GSM,255,1,18620,42422,0,31.280026,51.655602,19537,9,1,1337540401,1358381536,0
GSM,255,1,18620,2513,0,31.192996,51.665275,13790,8,1,1337540664,1354356244,0
GSM,255,1,18620,2512,0,31.240799,51.580814,12991,12,1,1337540724,1354356843,0
GSM,255,1,18620,14713,0,31.242161,51.576922,6483,3,1,1337540863,1354329121,0
GSM,255,1,18620,42923,0,31.221113,51.616862,8758,4,1,1337541002,1354356243,0
GSM,255,1,18620,3613,0,31.260206,51.548594,30501,30,1,1337541169,1358744250,0
GSM,255,1,18620,4663,0,31.251153,51.561931,9395,8,1,1337541169,1355291376,0
GSM,255,1,18620,26516,0,31.290757,51.542266,11368,7,1,1337541169,1355303313,0
GSM,255,1,18620,23613,0,31.296619,51.527483,2611,3,1,1337541169,1355303313,0
GSM,255,1,18620,3603,0,31.276544,51.516778,8084,47,1,1337541322,1358746658,0
GSM,255,1,18620,26481,0,31.270986,51.532059,5220,6,1,1337541322,1358743949,0
GSM,255,1,18620,26292,0,31.283772,51.514691,2410,17,1,1337541601,1358746658,0
GSM,255,1,18620,4683,0,31.292117,51.497212,2956,40,1,1337541849,1358944485,0
GSM,255,1,29200,4051,0,30.969772338867,51.736679077148,1000,1,1,1338170593,1338170593,0
GSM,255,1,51080,7382,0,23.102878,49.958041,4125,6,1,1338903622,1339959478,0
GSM,255,1,51080,7384,0,23.102878,49.958041,4125,6,1,1338903622,1339959479,0
GSM,255,1,51080,7381,0,23.139679,49.954381,15984,7,1,1338903622,1339959479,0
GSM,255,3,10050,19162,0,23.114548,49.955521,1000,3,1,1338903622,1339958241,0
GSM,255,3,10050,19163,0,23.110427856445,49.955520629883,1000,1,1,1338883759,1338883759,0
GSM,255,1,51080,7383,0,23.123769,49.954344,1955,7,1,1338903622,1339958492,0
GSM,255,6,51404,50248,0,23.114548,49.955521,1000,3,1,1338903622,1339958241,0
GSM,255,1,51020,12761,0,23.126221,49.954148,1140,2,1,1338903622,1339957582,0
GSM,255,1,51080,20983,0,23.100269,49.958545,3930,5,1,1338903622,1339959479,0
GSM,255,1,51080,12732,0,23.230952,49.94543,8578,8,1,1338906524,1339958241,0
GSM,255,1,51080,12741,0,23.354885,49.92944,6881,5,1,1338906652,1339956985,0
GSM,255,1,51080,12731,0,23.345048,49.933106,7956,6,1,1338906824,1339957283,0
GSM,255,1,51080,7466,0,23.387843,49.925315,4518,3,1,1338888803,1338888803,0
GSM,255,1,51080,12473,0,23.401446,49.926449,13183,10,1,1338907068,1339957284,0
GSM,255,1,51080,7461,0,23.421893,49.91736,8083,5,1,1338908521,1339954641,0
GSM,255,1,51080,7463,0,23.334306,49.932664,8391,3,1,1338909094,1339957284,0
GSM,255,1,51080,7512,0,23.448976,49.925238,20958,8,1,1338909094,1339957284,0
GSM,255,1,51080,12472,0,23.483058,49.927192,11076,3,1,1338909094,1339954892,0
GSM,255,1,51080,12753,0,23.386512,49.935702,10785,2,1,1338909094,1339957284,0
GSM,255,1,51080,7462,0,23.483058,49.927192,11076,3,1,1338909094,1339954892,0
GSM,255,1,51080,12471,0,23.547973,49.921298,15763,5,1,1338909236,1339954892,0
GSM,255,1,51080,7511,0,23.649103,49.917785,9663,4,1,1338909427,1339954294,0
GSM,255,1,51080,21011,0,23.387855,49.931901,14160,4,1,1338909493,1339957284,0
GSM,255,1,51080,7514,0,23.685836791992,49.921188354492,1000,1,1,1338889698,1338889698,0
GSM,255,1,51080,33161,0,23.68778,49.910251,12446,5,1,1338909877,1339954294,0
GSM,255,1,51080,7513,0,23.584898,49.914745,13329,4,1,1338909886,1339954593,0
GSM,255,1,51080,8393,0,23.600001,49.918473,6153,2,1,1338909886,1339954294,0
GSM,255,1,51080,34192,0,23.843799,49.87424,9776,5,1,1338910092,1344576951,0
GSM,255,1,51080,7363,0,23.619117,49.9103,15776,5,1,1338910280,1339954593,0
GSM,255,1,51080,8392,0,23.627478,49.913004,8118,2,1,1338910280,1339954294,0
GSM,255,1,51080,7362,0,23.817419,49.883694,14651,9,1,1338910280,1344576951,0
GSM,255,1,51080,7361,0,23.724315,49.91206,7361,3,1,1338910280,1339953995,0
GSM,255,1,51080,33162,0,23.817672729492,49.886856079102,1000,1,1,1338890295,1338890295,0
GSM,255,1,50010,11723,0,23.85589,49.863186,11189,12,1,1338910341,1447927371,0
GSM,255,1,50010,48483,0,23.88428,49.87553,4708,8,1,1338910405,1447328267,0
GSM,255,1,50010,7106,0,23.939396,49.871002,3221,11,1,1338910582,1448784529,0
GSM,255,1,51080,30163,0,23.865792,49.885983,10556,3,1,1338910672,1339953697,0
GSM,255,1,51080,34191,0,23.865082,49.882304,10674,6,1,1338910672,1339953697,0
GSM,255,1,50010,7103,0,23.91237,49.872689,7898,22,1,1338910672,1448784529,0
GSM,255,1,50010,8154,0,23.886539,49.873132,6101,7,1,1338910672,1447535620,0
GSM,255,1,50010,7102,0,23.970108,49.858704,1000,2,1,1338911015,1449072695,0
GSM,255,1,50010,14372,0,23.987686,49.852524,1000,10,1,1338911254,1447688875,0
GSM,255,1,50010,7101,0,23.933034,49.874043,3533,3,1,1338911454,1449072695,0
GSM,255,1,50010,16141,0,23.975055,49.857744,2797,5,1,1338911454,1449061457,0
GSM,255,1,50010,7241,0,23.97377,49.841996,1786,3,1,1338911454,1449061457,0
GSM,255,1,50010,33112,0,23.96599,49.861794,2006,4,1,1338911454,1449061444,0
GSM,255,1,50010,11721,0,23.970795,49.860077,1000,2,1,1338911454,1449061444,0
GSM,255,1,50010,17585,0,24.015818,49.845463,2495,7,1,1338911454,1449061457,0
GSM,255,1,50010,17584,0,24.001695,49.847947,1308,3,1,1338911454,1449061457,0
GSM,255,1,50010,16153,0,23.994827270508,49.84977722168,1000,1,1,1338891502,1338891502,0
GSM,255,1,50010,7211,0,24.019719,49.844457,2687,8,1,1338911596,1400254485,0
GSM,255,1,50010,16191,0,24.011191,49.838105,2285,12,1,1338911845,1449031382,0
GSM,255,1,50010,7231,0,24.005285,49.803128,4519,65,1,1338911845,1449061444,0
GSM,255,1,50010,16142,0,23.998946,49.840166,1412,2,1,1338911845,1449061444,0
GSM,255,1,65370,7211,0,24.017487,49.843598,1000,2,1,1338911930,1339951151,0
GSM,255,1,50010,17011,0,24.031302,49.842746,1060,25,1,1338912161,1413105043,0
GSM,255,1,50010,8142,0,24.021698,49.842819,1000,30,1,1338912233,1410584574,0
GSM,255,1,50010,7212,0,24.021984,49.841297,1000,40,1,1338912245,1410761882,0
GSM,255,1,50010,7215,0,24.020407,49.840287,1000,67,1,1338912245,1410761937,0
GSM,255,1,50010,7021,0,24.021226,49.844132,2801,9,1,1338912245,1390973902,0
GSM,255,1,50010,16151,0,24.026021,49.843107,1063,7,1,1338912245,1339951152,0
GSM,255,1,50010,8141,0,24.026585,49.844284,1000,8,1,1338912636,1400254481,0
GSM,255,1,50010,7153,0,24.031356,49.850052,2052,5,1,1338912636,1394394603,0
GSM,255,1,50010,8143,0,24.022717,49.845597,1000,68,1,1338912636,1400254481,0
GSM,255,1,50010,7152,0,24.033193,49.846516,2831,16,1,1338913030,1420251224,0
GSM,255,1,50010,8101,0,24.033829,49.842087,1000,5,1,1338913030,1420251224,0
GSM,255,1,50010,7013,0,24.029389,49.838333,1000,6,1,1338913030,1339949474,0
GSM,255,1,50010,7012,0,24.031378,49.841221,1000,13,1,1338913030,1420251340,0
GSM,255,1,50010,7011,0,24.031121,49.844971,2537,14,1,1338917254,1420251340,0
GSM,255,1,50010,17152,0,24.029331,49.845486,1000,8,1,1338917299,1393059901,0
GSM,255,3,10100,423,0,24.014714,49.83518,1585,27,1,1338917818,1339849920,0
GSM,255,1,50010,7081,0,24.026961,49.841172,3051,15,1,1338917818,1410760903,0
GSM,255,3,10100,9423,0,24.033279418945,49.842910766602,1000,1,1,1338897788,1338897788,0
GSM,255,1,50010,7221,0,24.030361,49.840679,1004,8,1,1338917818,1419784282,0
GSM,255,3,10169,651,0,24.033279418945,49.842910766602,1000,1,1,1338897788,1338897788,0
GSM,255,6,51402,485,0,24.031219,49.839478,1000,2,1,1338917818,1339849920,0
GSM,255,3,10100,2031,0,24.031219,49.839478,1000,2,1,1338917818,1339849920,0
GSM,255,3,10100,462,0,24.030533,49.841995,1000,3,1,1338917818,1339849920,0
GSM,255,3,10100,372,0,24.031219,49.839478,1000,2,1,1338917818,1339849920,0
GSM,255,3,10100,471,0,24.010104,49.836903,1791,8,1,1338917818,1339047347,0
GSM,255,3,10100,463,0,24.033279418945,49.842910766602,1000,1,1,1338897788,1338897788,0
GSM,255,3,10100,10433,0,24.032181,49.839615,1000,5,1,1338917818,1339849920,0
GSM,255,1,50010,17332,0,24.030533,49.8452,1000,3,1,1338917818,1339291089,0
GSM,255,6,51401,215,0,24.03122,49.844971,1000,2,1,1338917818,1339047347,0
GSM,255,3,10100,111,0,24.032822,49.839478,1000,6,1,1338917818,1339849920,0
GSM,255,3,10100,192,0,24.030533,49.841995,1000,3,1,1338917818,1339849920,0
GSM,255,3,10169,263,0,24.031219,49.839478,1000,2,1,1338917818,1339849920,0
GSM,255,6,51402,487,0,24.030807,49.838242,1000,5,1,1338917818,1370688114,0
GSM,255,1,50010,17471,0,24.035096,49.83103,1327,192,1,1338917818,1419784282,0
GSM,255,1,50010,7041,0,24.046249,49.843826,1000,9,1,1338917818,1413104036,0
GSM,255,1,50010,16152,0,24.014741,49.847032,2250,4,1,1338917818,1339951451,0
GSM,255,3,10100,9471,0,24.011388,49.838399,1648,84,1,1338897788,1338897788,0
GSM,255,3,10100,2033,0,24.03122,49.844971,1000,2,1,1338917818,1339047347,0
GSM,255,6,51402,23,0,25.591432,50.017524,113205,2,1,1338917818,1370660896,0
GSM,255,3,10100,113,0,24.03122,49.844971,1000,2,1,1338917818,1339047347,0
GSM,255,3,10100,8463,0,24.023409,49.840937,1000,16,1,1338897788,1338897788,0
GSM,255,3,10100,8461,0,24.024511,49.841467,1000,39,1,1338917818,1339047347,0
GSM,255,1,50010,7091,0,24.035339,49.841537,1000,8,1,1338917818,1420251224,0
GSM,255,3,10100,8372,0,24.033279418945,49.842910766602,1000,1,1,1338897788,1338897788,0
GSM,255,1,50010,7283,0,24.033279,49.832954,1107,4,1,1338917818,1415282004,0
GSM,255,1,50010,7161,0,24.033279418945,49.842910766602,1000,1,1,1338897788,1338897788,0
GSM,255,6,51402,481,0,24.031219,49.839478,1000,2,1,1338917818,1339849920,0
GSM,255,1,50010,7123,0,24.032495,49.833494,1049,7,1,1338917818,1418888140,0
GSM,255,1,50010,17221,0,24.031631,49.837994,1000,50,1,1338917818,1419784282,0
GSM,255,3,10100,9452,0,24.016617,49.847488,1299,15,1,1338897788,1338897788,0
GSM,255,1,50010,17022,0,24.01086,49.831663,3446,594,1,1338917818,1408011919,0
GSM,255,6,51402,21,0,25.591432,50.017524,113205,2,1,1338917818,1370660918,0
GSM,255,1,50010,17121,0,24.030533,49.838333,1000,3,1,1338917818,1418888140,0
GSM,255,3,10100,9111,0,24.031769,49.836731,1000,10,1,1338917818,1339849920,0
GSM,255,3,10100,8113,0,24.026609,49.841799,1000,21,1,1338897788,1338897788,0
GSM,255,3,10169,8263,0,24.033279418945,49.842910766602,1000,1,1,1338897788,1338897788,0
GSM,255,1,50010,16134,0,24.052848,49.851151,1759,8,1,1339066951,1413100942,0
GSM,255,1,50010,16155,0,24.029159545898,49.847030639648,1000,1,1,1339046935,1339046935,0
GSM,255,6,51402,1432,0,24.029159545898,49.847030639648,1000,1,1,1339047347,1339047347,0
GSM,255,1,50010,7151,0,24.034102,49.850602,2426,5,1,1339067169,1406339890,0
GSM,255,3,10100,8192,0,24.025601,49.846032,1000,22,1,1339047347,1339047347,0
GSM,255,3,10100,193,0,24.029159545898,49.847030639648,1000,1,1,1339047347,1339047347,0
GSM,255,1,50010,8111,0,24.02916,49.848404,1000,3,1,1339067169,1339840770,0
GSM,255,3,10101,82,0,24.029159545898,49.847030639648,1000,1,1,1339047347,1339047347,0
GSM,255,3,10101,81,0,24.029159545898,49.847030639648,1000,1,1,1339047347,1339047347,0
GSM,255,3,10100,9451,0,24.024461,49.850139,1000,19,1,1339047347,1339047347,0
GSM,255,3,10100,19451,0,24.029159545898,49.847030639648,1000,1,1,1339047347,1339047347,0
GSM,255,3,10100,39452,0,24.029159545898,49.847030639648,1000,1,1,1339047347,1339047347,0
GSM,255,6,51402,15,0,24.029159545898,49.847030639648,1000,1,1,1339047347,1339047347,0
GSM,255,3,10100,371,0,24.029159545898,49.847030639648,1000,1,1,1339047347,1339047347,0
GSM,255,3,10100,252,0,24.02916,49.841537,1000,2,1,1339067169,1339849920,0
GSM,255,1,50010,16131,0,24.039687,49.845201,1715,3,1,1339067169,1413099685,0
GSM,255,3,10100,8191,0,24.022555,49.85514,1018,21,1,1339047347,1339047347,0
GSM,255,6,51402,1431,0,24.029159545898,49.847030639648,1000,1,1,1339047347,1339047347,0
GSM,255,1,50010,17151,0,24.02916,49.846344,1000,2,1,1339067169,1339841171,0
GSM,255,1,50010,33121,0,24.029159545898,49.847030639648,1000,1,1,1339047347,1339047347,0
GSM,255,6,51402,975,0,24.029159545898,49.847030639648,1000,1,1,1339047347,1339047347,0
GSM,255,1,50010,7214,0,24.008561,49.848405,1782,3,1,1339067169,1339951451,0
GSM,255,3,10101,1362,0,24.029159545898,49.847030639648,1000,1,1,1339047347,1339047347,0
GSM,255,3,10101,8082,0,24.022684,49.854732,1000,102,1,1339047347,1339047347,0
GSM,255,1,50010,17212,0,24.024124,49.849778,2708,6,1,1339067169,1422235240,0
GSM,255,1,50010,8112,0,24.027786,49.845657,1000,2,1,1339067169,1339291685,0
GSM,255,1,50010,18192,0,24.052506,49.853309,1814,7,1,1339067169,1413100971,0
GSM,255,6,51402,991,0,24.029159545898,49.847030639648,1000,1,1,1339047347,1339047347,0
GSM,255,6,51402,11,0,24.029159545898,49.847030639648,1000,1,1,1339047347,1339047347,0
GSM,255,3,10101,8672,0,24.003735,49.852635,1926,37,1,1339047347,1339047347,0
GSM,255,6,51402,1433,0,24.029159545898,49.847030639648,1000,1,1,1339047347,1339047347,0
GSM,255,1,50010,17021,0,24.018798,49.842786,2706,11,1,1339067169,1390973923,0
GSM,255,6,51402,976,0,24.029159545898,49.847030639648,1000,1,1,1339047347,1339047347,0
GSM,255,6,51402,977,0,24.029159545898,49.847030639648,1000,1,1,1339047347,1339047347,0
GSM,255,3,10100,9412,0,24.020004,49.848404,1000,3,1,1339047347,1339047347,0
GSM,255,3,10100,9431,0,24.029159545898,49.847030639648,1000,1,1,1339047347,1339047347,0
GSM,255,3,10101,8671,0,24.020006,49.860764,1662,3,1,1339047347,1339047347,0
GSM,255,6,51402,1422,0,24.029159545898,49.847030639648,1000,1,1,1339047347,1339047347,0
GSM,255,6,51402,302,0,24.029159545898,49.847030639648,1000,1,1,1339047347,1339047347,0
GSM,255,6,51402,1591,0,25.589431,50.019611,113309,2,1,1339067169,1370649393,0
GSM,255,1,50010,17153,0,24.02401,49.845772,1000,12,1,1339308409,1396175706,0
GSM,255,1,50010,17213,0,24.028473,49.846344,1000,2,1,1339308409,1339841171,0
GSM,255,1,50010,17072,0,24.02229309082,49.856643676758,1000,1,1,1339291857,1339291857,0
GSM,255,1,50010,17473,0,24.027536,49.845158,2654,11,1,1339311741,1400254480,0
GSM,255,1,50010,17421,0,24.073098,49.878619,2339,2,1,1339292282,1339292282,0
GSM,255,1,50010,49542,0,24.058268,49.867358,3969,5,1,1339311822,1406340364,0
GSM,255,1,50010,17101,0,24.08095,49.881881,4074,338,1,1339311822,1421808940,0
GSM,255,1,50010,49544,0,24.081199,49.876153,7803,10,1,1339311955,1406339890,0
GSM,255,1,51080,21521,0,24.151965,49.896896,24532,747,1,1339312277,1427729326,0
GSM,255,1,50010,7292,0,24.072799,49.857102,4310,9,1,1339312297,1413096713,0
GSM,255,1,50010,17422,0,24.058626,49.855977,4924,35,1,1339312297,1421746838,0
GSM,255,1,51080,19961,0,24.159068,49.911859,5367,5,1,1339312371,1406342566,0
GSM,255,1,51080,19965,0,24.09123,49.890208,6316,25,1,1339312405,1423055739,0
GSM,255,1,50010,8211,0,24.117717,49.899913,4135,2,1,1339312574,1339840275,0
GSM,255,1,50010,8213,0,24.095507,49.885494,6357,3,1,1339312574,1393050309,0
GSM,255,1,51080,48022,0,24.201949,49.917172,10925,336,1,1339312693,1427729326,0
GSM,255,1,51080,20762,0,24.239035,49.914416,9575,76,1,1339312774,1423055738,0
GSM,255,1,51080,8251,0,24.184828,49.856655,9990,8,1,1339312850,1444031176,0
GSM,255,1,51080,31343,0,24.223885,49.915435,7357,5,1,1339312850,1427729326,0
GSM,255,1,50010,7131,0,24.125587,49.851855,10511,4,1,1339312850,1406341485,0
GSM,255,1,50010,7132,0,24.233779907227,49.91569519043,1000,1,1,1339292881,1339292881,0
GSM,255,1,51080,7333,0,24.322747,49.920978,20415,235,1,1339312940,1446357780,0
GSM,255,1,51080,48021,0,24.241792,49.916307,8913,151,1,1339312991,1427729326,0
GSM,255,1,51080,20363,0,24.353233,49.924563,7048,300,1,1339313023,1423130732,0
GSM,255,1,51080,48023,0,24.224329,49.915591,8654,25,1,1339313129,1427729326,0
GSM,255,1,51080,20763,0,24.268447,49.917711,11121,208,1,1339313129,1427729326,0
GSM,255,1,51080,7332,0,24.399326,49.959969,13933,532,1,1339313237,1423131033,0
GSM,255,1,51080,30262,0,24.451102,49.975874,10395,88,1,1339313393,1423131631,0
GSM,255,1,51080,12293,0,24.469768,49.973121,11047,270,1,1339313499,1423131631,0
GSM,255,1,51080,12292,0,24.535344,49.956074,13159,528,1,1339313636,1423131631,0
GSM,255,1,51080,12383,0,24.385873,49.867832,26730,166,1,1339313684,1450758658,0
GSM,255,1,51080,7583,0,24.399948120117,49.967880249023,1000,1,1,1339293479,1339293479,0
GSM,255,1,51080,7573,0,24.579962,49.966911,10172,593,1,1339313842,1450874444,0
GSM,255,1,51080,31341,0,24.409536,49.949589,6751,3,1,1339313962,1406343652,0
GSM,255,1,51080,31342,0,24.418537,49.973909,17672,83,1,1339313962,1423131630,0
GSM,255,1,51080,20361,0,24.389719,49.95301,14811,319,1,1339313962,1423130733,0
GSM,255,1,51080,7331,0,24.39415,49.954996,10136,5,1,1339313962,1406343817,0
GSM,255,1,51080,12381,0,24.493567,49.953085,10032,5,1,1339313962,1445625219,0
GSM,255,1,51080,12291,0,24.569547,49.802025,22778,18,1,1339314240,1425015933,0
GSM,255,1,51080,17553,0,24.629053,49.926158,17775,393,1,1339314240,1477179300,0
GSM,255,1,51080,7553,0,24.791394,49.969304,12675,605,1,1339314293,1473522184,0
GSM,255,1,51080,7571,0,24.629527,49.979865,21817,909,1,1339314517,1450874444,0
GSM,255,1,51080,30773,0,24.609025,49.973597,13038,8,1,1339314517,1406344341,0
GSM,255,1,51080,7572,0,24.587752,49.930206,11733,130,1,1339314517,1450874444,0
GSM,255,1,51080,20833,0,24.862046,49.968172,10587,43,1,1339314588,1473522187,0
GSM,255,1,51080,17594,0,24.8656,49.972297,6978,1795,1,1339314652,1473522187,0
GSM,255,1,51080,7552,0,24.814598,49.964068,9497,81,1,1339314790,1474990717,0
GSM,255,1,51080,17593,0,24.912202,49.974559,23400,88,1,1339314793,1473522187,0
GSM,255,1,51080,8893,0,24.978337,50.001934,342441,20,1,1339314793,1473522184,0
GSM,255,1,51080,31292,0,25.027952,49.963779,14747,151,1,1339314979,1473522189,0
GSM,255,1,51080,7551,0,24.835364,49.965811,57454,347,1,1339315072,1473522189,0
GSM,255,1,51080,17591,0,24.935383,49.965898,9825,83,1,1339315072,1473522189,0
GSM,255,1,51080,17592,0,24.96041,49.966221,17788,533,1,1339315146,1473522189,0
GSM,255,1,51080,20831,0,24.885517,49.974484,21350,218,1,1339315351,1473522184,0
GSM,255,1,51080,31293,0,24.974283,50.032212,21306,182,1,1339315351,1473522189,0
GSM,255,1,51080,33631,0,25.120735,50.012243,9610,204,1,1339315544,1474932997,0
GSM,255,1,51080,33633,0,25.070955,49.975455,12197,1051,1,1339315629,1474932997,0
GSM,255,1,51080,33634,0,25.057126,50.046386,13187,55,1,1339315629,1473522189,0
GSM,255,1,51080,31291,0,25.038148,50.05278,10488,111,1,1339315629,1473522189,0
GSM,255,1,51080,7453,0,25.144198,50.05482,18711,258,1,1339315632,1477179316,0
GSM,255,6,51404,16116,0,25.274373,50.046274,17189,3,1,1339315786,1356169417,0
GSM,255,6,51404,16112,0,25.158005,50.066071,1000,2,1,1339315786,1352529025,0
GSM,255,3,8008,613,0,25.155259,50.076828,2424,3,1,1339315786,1359617250,0
GSM,255,3,8008,612,0,25.155259,50.076828,2424,3,1,1339315786,1359617250,0
GSM,255,6,51404,16115,0,25.155259,50.076828,2424,3,1,1339315786,1359617250,0
GSM,255,1,51080,16242,0,25.165404,50.080807,10794,61,1,1339315786,1478347056,0
GSM,255,1,51080,7452,0,25.169938,50.090498,28536,177,1,1339315786,1477179318,0
GSM,255,3,8008,611,0,25.193137,50.097528,5325,5,1,1339315786,1359617250,0
GSM,255,6,51404,50226,0,25.274373,50.046274,17189,3,1,1339315786,1356169417,0
GSM,255,6,51404,16117,0,25.155259,50.076828,2424,3,1,1339315786,1359617250,0
GSM,255,1,51080,7451,0,25.210582,50.093171,23535,168,1,1339315786,1477179318,0
GSM,255,6,51404,50222,0,25.158005,50.066071,1000,2,1,1339315786,1352529025,0
GSM,255,3,8008,8613,0,25.158005,50.066071,1000,2,1,1339315786,1352529025,0
GSM,255,3,8008,8612,0,25.274373,50.046274,17189,3,1,1339315786,1356169417,0
GSM,255,6,51404,50225,0,25.155259,50.076828,2424,3,1,1339315786,1359617250,0
GSM,255,1,51080,16241,0,25.168035,50.087253,6577,26,1,1339315786,1478347056,0
GSM,255,6,51404,50215,0,25.158005,50.066071,1000,2,1,1339315786,1352529025,0
GSM,255,1,3060,13243,0,25.243738,50.096683,18438,153,1,1339315786,1453963240,0
GSM,255,1,51080,30542,0,25.136342,50.03739,6918,247,1,1339315908,1474933003,0
GSM,255,1,51080,30543,0,25.150476,50.051088,12976,70,1,1339315908,1474933003,0
GSM,255,1,51080,33632,0,25.111411,50.001169,9061,721,1,1339315908,1473522189,0
GSM,255,1,3060,32733,0,25.216184,50.128058,7204,276,1,1339317395,1453168727,0
GSM,255,1,51080,14401,0,25.161284,50.089519,4888,54,1,1339317580,1468762319,0
GSM,255,1,51080,16244,0,25.176151,50.084435,25159,240,1,1339317580,1478347053,0
GSM,255,1,3060,16316,0,25.243696,50.152362,7771,245,1,1339317765,1453963240,0
GSM,255,1,3060,11961,0,25.336544,50.156624,20513,578,1,1339317766,1453963240,0
GSM,255,1,3060,11962,0,25.367407,50.113406,25027,290,1,1339317778,1453168727,0
GSM,255,1,3060,13121,0,25.427627,50.19453,84913,852,1,1339317913,1453168728,0
GSM,255,1,3060,12952,0,25.488254,50.23057,26716,1361,1,1339318078,1453168728,0
GSM,255,1,3060,11963,0,25.304523,50.157484,8952,425,1,1339318137,1453168728,0
GSM,255,1,3060,13123,0,25.383713,50.168654,14906,407,1,1339318137,1453168728,0
GSM,255,1,3060,16314,0,25.296428,50.148688,4923,61,1,1339318137,1452307164,0
GSM,255,1,3060,13122,0,25.430301,50.117885,18670,232,1,1339318137,1453168728,0
GSM,255,1,3060,13241,0,25.505554,50.039147,25791,516,1,1339318137,1453168727,0
GSM,255,1,3060,11783,0,25.533997,50.256401,29027,907,1,1339318378,1453168728,0
GSM,255,1,3060,18743,0,25.487904,50.206195,24269,228,1,1339318416,1453168728,0
GSM,255,1,3060,11782,0,25.581205,50.257747,28454,147,1,1339318589,1453168728,0
GSM,255,1,3060,18741,0,25.591635,50.285202,18842,193,1,1339318589,1453168712,0
GSM,255,1,3060,11793,0,25.603144,50.22991,26922,305,1,1339318805,1453168728,0
GSM,255,1,3060,34242,0,25.709241,50.337621,39594,179,1,1339318933,1453168728,0
GSM,255,1,3060,17993,0,25.733476,50.273854,15144,29,1,1339318975,1452410199,0
GSM,255,1,3060,11781,0,25.601772,50.295169,13803,670,1,1339318975,1453168728,0
GSM,255,1,54120,9532,0,25.689682,50.118317,20369,206,1,1339318975,1401140627,0
GSM,255,1,3060,31212,0,25.67893,50.129206,23458,70,1,1339318975,1444031176,0
GSM,255,1,54120,10551,0,25.719182,50.169824,22587,23,1,1339318975,1400045524,0
GSM,255,1,3060,11791,0,25.697965,50.348722,12091,202,1,1339319135,1453168728,0
GSM,255,1,3060,17932,0,25.738064,50.3798,12570,38,1,1339319261,1453168728,0
GSM,255,1,3060,34243,0,25.688958,50.332584,38871,314,1,1339319261,1453168728,0
GSM,255,1,3060,16393,0,25.717544,50.404579,13402,136,1,1339319312,1453963233,0
GSM,255,1,3060,32113,0,25.712399,50.388772,6653,465,1,1339319435,1453168728,0
GSM,255,1,3060,7994,0,25.797074,50.446736,6205,617,1,1339319446,1453168723,0
GSM,255,1,3060,48853,0,25.731755,50.43045,7149,603,1,1339319736,1453168723,0
GSM,255,1,3060,7992,0,25.745817,50.403319,8015,27,1,1339319817,1453963233,0
GSM,255,1,3060,16354,0,25.83205,50.460148,55471,269,1,1339319893,1426293799,0
GSM,255,1,3060,7991,0,25.761672,50.432696,14350,43,1,1339320046,1453168718,0
GSM,255,1,3060,31223,0,25.958496,50.489325,18810,218,1,1339320073,1423810607,0
GSM,255,1,3060,7993,0,25.707866,50.415182,9365,161,1,1339320095,1453963233,0
GSM,255,1,3060,16352,0,25.764755,50.435368,17662,70,1,1339320096,1425022835,0
GSM,255,1,3060,7944,0,25.814189,50.441503,10868,180,1,1339320372,1453168712,0
GSM,255,1,3060,16982,0,25.745183,50.4652,14969,9,1,1339320372,1453168723,0
GSM,255,1,3060,16394,0,25.78086,50.440962,12727,446,1,1339320372,1453168718,0
GSM,255,1,3060,12841,0,26.017012,50.565282,4919,2,1,1339320502,1407988391,0
GSM,255,1,3060,48842,0,26.019399,50.522993,10825,123,1,1339320629,1423137934,0
GSM,255,1,3060,16351,0,25.9017,50.48013,13067,27,1,1339320649,1423810607,0
GSM,255,1,3060,7941,0,25.913307,50.430265,16131,65,1,1339320649,1452329412,0
GSM,255,1,3060,16353,0,25.938034,50.492079,24505,338,1,1339320649,1424076183,0
GSM,255,1,3060,12843,0,25.904736,50.523402,8777,4,1,1339320649,1407988151,0
GSM,255,1,3060,21233,0,26.117984,50.571198,15067,91,1,1339320663,1444270601,0
GSM,255,1,3190,15151,0,26.309058,50.589588,10114,34,1,1339320903,1447906240,0
GSM,255,1,3060,48843,0,26.04253,50.534339,8760,52,1,1339320927,1423137934,0
GSM,255,1,3060,21234,0,26.129946,50.59385,17320,124,1,1339320927,1444468014,0
GSM,255,1,3060,12873,0,26.062964,50.564821,11513,6,1,1339320927,1407988818,0
GSM,255,1,3190,16955,0,26.275506,50.573266,11028,289,1,1339321097,1449663516,0
GSM,255,1,3190,16952,0,26.259762,50.572081,11231,50,1,1339321168,1446167928,0
GSM,255,1,3190,16992,0,26.217743,50.612765,17319,41,1,1339321206,1444053006,0
GSM,255,1,3190,16991,0,26.230774,50.615845,5484,12,1,1339321206,1444012474,0
GSM,255,1,3190,7912,0,26.189067,50.616866,16005,21,1,1339321206,1444053006,0
GSM,255,1,3060,21232,0,26.171196,50.56507,16108,303,1,1339321206,1444614232,0
GSM,255,1,3060,48972,0,26.230721,50.566775,8321,170,1,1339321206,1444614232,0
GSM,255,1,3190,11672,0,26.344613,50.608778,8776,453,1,1339321275,1448886642,0
GSM,255,1,3190,7931,0,26.347417,50.614157,9216,42,1,1339321275,1447859123,0
GSM,255,1,3190,15174,0,26.407045,50.604812,11968,333,1,1339321453,1447859123,0
GSM,255,1,3190,15102,0,26.25124,50.613331,6326,15,1,1339321483,1446473210,0
GSM,255,1,3190,7963,0,26.230893,50.614019,7737,12,1,1339321483,1446891683,0
GSM,255,1,3190,7965,0,26.264632,50.57213,5916,17,1,1339321483,1441724379,0
GSM,255,1,3190,16951,0,26.327158,50.587807,10484,169,1,1339321525,1447859123,0
GSM,255,1,3190,15172,0,26.384347,50.608968,16380,157,1,1339321765,1447859123,0
GSM,255,1,3190,16953,0,26.28972,50.593605,13736,21,1,1339321765,1441724379,0
GSM,255,1,3190,17291,0,26.362024,50.612225,10417,57,1,1339321765,1447859123,0
GSM,255,1,3190,15171,0,26.497124,50.602517,24616,332,1,1339321827,1447859123,0
GSM,255,1,3190,7982,0,26.579103,50.604044,64955,304,1,1339321962,1452307174,0
GSM,255,1,3190,34701,0,26.399619,50.606897,23538,396,1,1339322044,1448886641,0
GSM,255,1,3190,15173,0,26.479973,50.601598,72292,1261,1,1339322044,1448886641,0
GSM,255,1,3190,7983,0,26.553991,50.60606,66727,23,1,1339322044,1452874136,0
GSM,255,1,3190,18793,0,26.736987,50.607842,65845,921,1,1339322264,1452485753,0
GSM,255,1,3190,34663,0,26.570891,50.604204,19418,24,1,1339322321,1452307174,0
GSM,255,1,3190,7981,0,26.690064,50.610301,13245,23,1,1339322321,1452307174,0
GSM,255,1,3190,49962,0,26.709725,50.609987,12127,55,1,1339322321,1452307174,0
GSM,255,1,3190,18791,0,26.810533,50.60099,12277,153,1,1339322398,1452875790,0
GSM,255,1,3190,16341,0,26.341711,50.487426,37641,54,1,1339322603,1447906250,0
GSM,255,1,3190,21201,0,26.943035,50.598388,17469,429,1,1339323380,1452875790,0
GSM,255,1,3190,21203,0,26.857351,50.596843,20603,294,1,1339323438,1453168714,0
GSM,255,1,3190,18792,0,26.87571,50.598322,264695,422,1,1339323438,1452485753,0
GSM,255,1,3190,7973,0,27.081799,50.606626,16758,779,1,1339323654,1452307174,0
GSM,255,1,3190,21202,0,26.936185,50.602391,13172,6,1,1339323718,1452307174,0
GSM,255,1,3190,49972,0,26.949956,50.603598,14139,7,1,1339323718,1452875790,0
GSM,255,1,3190,13213,0,26.961104,50.599627,22049,172,1,1339323718,1452875790,0
GSM,255,1,3190,48891,0,27.190212,50.60408,18142,209,1,1339323915,1452307174,0
GSM,255,1,3190,13211,0,27.01207,50.602022,19889,178,1,1339323996,1452307174,0
GSM,255,1,6120,2992,0,27.323957,50.606785,12257,5,1,1339324052,1354267265,0
GSM,255,1,3190,7972,0,27.173923,50.605181,8663,79,1,1339324275,1452307174,0
GSM,255,1,3190,48892,0,27.158353,50.601722,18198,392,1,1339324275,1452307174,0
GSM,255,1,3190,48893,0,27.088845,50.605421,14652,5,1,1339324275,1451466510,0
GSM,255,1,6120,2993,0,27.191837,50.605065,20575,9,1,1339324275,1354234442,0
GSM,255,1,23502,2482,0,27.518005,50.598907,1000,2,1,1339325065,1354234738,0
GSM,255,3,23502,4231,0,27.475351,50.602811,14349,48,1,1339325065,1339825106,0
GSM,255,1,6120,4102,0,27.776447,50.561463,16209,321,1,1339325155,1400254116,0
GSM,255,1,6120,28291,0,27.842305,50.539874,12384,294,1,1339325323,1354236224,0
GSM,255,1,6120,4103,0,27.695939,50.580127,14069,95,1,1339325323,1354265607,0
GSM,255,1,6120,2991,0,27.298957,50.602435,10472,2,1,1339325392,1354267265,0
GSM,255,1,6120,42752,0,27.303083,50.607201,10791,4,1,1339325392,1354267265,0
GSM,255,3,23502,4242,0,27.553707,50.605093,2546,2,1,1339304904,1339304904,0
GSM,255,3,23502,293,0,27.554242,50.602807,7747,9,1,1339304904,1339304904,0
GSM,255,3,23502,2482,0,27.498703,50.601886,6426,27,1,1339304904,1339304904,0
GSM,255,3,23502,1392,0,27.588729858398,50.610580444336,1000,1,1,1339304904,1339304904,0
GSM,255,3,23502,2481,0,27.548214,50.605781,2908,2,1,1339304904,1339304904,0
GSM,255,3,23502,6231,0,27.479261,50.602514,7777,42,1,1339304904,1339304904,0
GSM,255,1,6120,4101,0,27.76254,50.565151,16527,8,1,1339325674,1354265770,0
GSM,255,1,6120,28293,0,27.720339,50.575401,31702,200,1,1339325674,1354265770,0
GSM,255,1,6120,28622,0,27.78316,50.560299,15060,6,1,1339325674,1354265770,0
GSM,255,1,6120,4041,0,27.726398,50.568096,19733,6,1,1339325674,1354266069,0
GSM,255,1,6120,23771,0,28.09708,50.457003,14770,1228,1,1339325909,1354264578,0
GSM,255,1,6120,28083,0,27.918531,50.517407,21370,375,1,1339325909,1400254109,0
GSM,255,1,6120,4032,0,28.093929,50.458934,22024,8,1,1339326043,1354264875,0
GSM,255,1,6120,28081,0,27.972443,50.501248,12892,3,1,1339326233,1354265173,0
GSM,255,1,6120,4112,0,28.058164,50.469789,19877,10,1,1339326233,1354265173,0
GSM,255,1,6120,42743,0,28.207148,50.41197,19521,9,1,1339326513,1354264279,0
GSM,255,1,6120,4111,0,28.184565,50.419425,16173,4,1,1339326513,1354264578,0
GSM,255,1,6120,28541,0,28.450871,50.333888,25032,7,1,1339327272,1354263680,0
GSM,255,1,6120,28542,0,28.361266,50.342132,10653,4,1,1339327272,1396869305,0
GSM,255,1,6120,42741,0,28.329748,50.366066,18037,10,1,1339327633,1354263979,0
GSM,255,1,6120,4031,0,28.257717,50.395061,18640,5,1,1339327633,1354264279,0
GSM,255,1,6120,28772,0,28.307481,50.362493,9629,3,1,1339327633,1354263980,0
GSM,255,1,6120,28091,0,28.115419,50.453413,22359,17,1,1339327633,1354264578,0
GSM,255,1,6120,28543,0,28.358408,50.348598,13377,5,1,1339327633,1354263980,0
GSM,255,1,6120,1133,0,28.479995727539,50.305709838867,1000,1,1,1339306995,1339306995,0
GSM,255,3,23502,151,0,28.495103,50.305024,1002,2,1,1339307949,1339307949,0
GSM,255,3,23502,8151,0,28.481369018555,50.307083129883,1000,1,1,1339307867,1339307867,0
GSM,255,3,23502,1232,0,28.481369018555,50.307083129883,1000,1,1,1339307867,1339307867,0
GSM,255,3,23550,1133,0,28.657154,50.32289,4113,2,1,1339308465,1339308465,0
GSM,255,3,23550,2242,0,28.714828491211,50.319442749023,1000,1,1,1339308464,1339308464,0
GSM,255,3,23502,2043,0,28.767013549805,50.318069458008,1000,1,1,1339308619,1339308619,0
GSM,255,3,23550,1131,0,28.753977,50.307776,3068,2,1,1339308764,1339308764,0
GSM,255,3,23502,2271,0,28.793106079102,50.296096801758,1000,1,1,1339308763,1339308763,0
GSM,255,3,23502,2273,0,28.793106079102,50.296096801758,1000,1,1,1339308764,1339308764,0
GSM,255,3,23502,2272,0,28.713441,50.287884,5733,2,1,1339328751,1339818090,0
GSM,255,3,23550,143,0,28.793106079102,50.296096801758,1000,1,1,1339308764,1339308764,0
GSM,255,3,6120,28942,0,28.883743286133,50.287857055664,1000,1,1,1339309002,1339309002,0
GSM,255,1,6120,28942,0,28.865632,50.293385,11722,6,1,1339329492,1377356337,0
GSM,255,1,6120,28302,0,28.916892,50.310775,8640,6,1,1339329492,1354261885,0
GSM,255,1,6120,28303,0,28.947782,50.310808,14822,6,1,1339329492,1354261885,0
GSM,255,1,6120,24063,0,29.079672,50.338682,5374,3,1,1339309659,1339309659,0
GSM,255,1,6120,4061,0,29.150346,50.334385,10857,7,1,1339329494,1354261287,0
GSM,255,1,6120,13672,0,29.192042,50.340758,19955,13,1,1339329607,1393125904,0
GSM,255,1,6120,13671,0,29.302264,50.358712,19080,15,1,1339329756,1354260990,0
GSM,255,1,6120,28941,0,28.865653,50.302839,16395,7,1,1339329875,1377356337,0
GSM,255,1,6120,28212,0,28.800563,50.289649,7766,7,1,1339329875,1377356337,0
GSM,255,1,6120,4063,0,29.016506,50.315201,15612,7,1,1339329875,1354261586,0
GSM,255,1,6120,28981,0,29.022445678711,50.340042114258,1000,1,1,1339309361,1339309361,0
GSM,255,1,6120,4062,0,28.960131,50.302597,14128,3,1,1339329875,1354261586,0
GSM,255,1,6120,1835,0,29.154281616211,50.330429077148,1000,1,1,1339309660,1339309660,0
GSM,255,1,6120,4021,0,29.209158,50.350551,15896,7,1,1339330155,1354261287,0
GSM,255,1,6120,13673,0,29.289735,50.354978,14133,6,1,1339330155,1354260990,0
GSM,255,1,6120,24094,0,29.410555,50.375373,16023,6,1,1339330199,1354260692,0
GSM,255,1,6120,4093,0,29.404277,50.374465,18723,10,1,1339330367,1400221025,0
GSM,255,1,12504,50017,0,29.380305,50.370381,16964,3,1,1339330444,1339816198,0
GSM,255,1,6120,4091,0,29.619898,50.408369,16807,14,1,1339330672,1354260095,0
GSM,255,1,6120,28021,0,29.381724,50.3701,13896,6,1,1339330722,1354260692,0
GSM,255,1,6120,14282,0,29.328504,50.365682,17083,2,1,1339330722,1354260990,0
GSM,255,3,27027,4553,0,29.521526,50.3959,7538,54,1,1339330761,1492428055,0
GSM,255,6,12504,50015,0,29.604721069336,50.41145324707,1000,1,1,1339310934,1339310934,0
GSM,255,3,27027,4551,0,29.645759,50.401598,3108,34,1,1339330761,1492434852,0
GSM,255,3,27027,6553,0,29.575827,50.405772,12417,96,1,1339330761,1505810026,0
GSM,255,1,6120,4092,0,29.53188,50.397953,17639,8,1,1339330761,1354260095,0
GSM,255,1,1040,29573,0,29.625464,50.408935,15109,8,1,1339330761,1354259405,0
GSM,255,3,23501,651,0,29.604721069336,50.41145324707,1000,1,1,1339310934,1339310934,0
GSM,255,6,12504,50016,0,29.528424,50.396808,5647,9,1,1339330761,1405084613,0
GSM,255,1,1040,45377,0,29.60353,50.40912,9230,7,1,1339330761,1354259796,0
GSM,255,3,23501,4061,0,29.604721069336,50.41145324707,1000,1,1,1339310934,1339310934,0
GSM,255,3,27027,4552,0,29.640984,50.415703,2900,32,1,1339330761,1483887192,0
GSM,255,1,1040,4012,0,29.717907,50.41819,17496,14,1,1339330761,1354259496,0
GSM,255,1,1040,10012,0,29.729963,50.418353,8907,5,1,1339330761,1354241875,0
GSM,255,1,1040,4123,0,29.720609,50.416489,17317,5,1,1339330761,1354259497,0
GSM,255,1,1040,46042,0,29.531456,50.397287,7699,3,1,1339331003,1339815600,0
GSM,255,1,1040,4013,0,29.806408,50.420814,15822,8,1,1339331560,1354259497,0
GSM,255,1,1040,4011,0,29.895292,50.424304,18360,10,1,1339331564,1354258897,0
GSM,255,1,1040,4193,0,29.913354,50.426073,19646,12,1,1339331713,1354259197,0
GSM,255,1,1040,14333,0,29.824444,50.42527,9924,2,1,1339331839,1354259197,0
GSM,255,1,1040,4122,0,29.99782,50.428977,7025,4,1,1339331839,1354257533,0
GSM,255,1,1040,4082,0,29.930629,50.425714,11796,6,1,1339331866,1354258897,0
GSM,255,1,1040,23263,0,30.137821,50.439223,8456,5,1,1339332025,1354257018,0
GSM,255,1,1040,4081,0,29.984134,50.428152,7999,7,1,1339332119,1354258597,0
GSM,255,1,1040,23332,0,30.199355,50.444414,1467,2,1,1339333112,1354242767,0
GSM,255,1,1040,3261,0,30.25785,50.445824,13050,10,1,1339333112,1354257018,0
GSM,255,1,1020,20871,0,30.364448,50.455572,1000,111,1,1339312877,1339312877,0
GSM,255,1,1020,242,0,30.316085,50.44745,5445,5,1,1339333114,1354256420,0
GSM,255,1,1050,6031,0,30.445175,50.45432,1000,14,1,1339333114,1383540650,0
GSM,255,1,65532,402,0,30.458908081055,50.452651977539,1000,1,1,1339313241,1339313241,0
GSM,255,1,1050,1101,0,30.4747,50.440293,1015,2,1,1339313541,1339313541,0
GSM,255,1,1050,6471,0,30.480880737305,50.448532104492,1000,1,1,1339313343,1339313343,0
GSM,255,1,1050,20833,0,30.479233,50.440018,1000,5,1,1339333237,1363767879,0
GSM,255,1,1040,4191,0,30.042771,50.432132,12640,3,1,1339333239,1339813710,0
GSM,255,1,1040,3331,0,30.219955444336,50.445785522461,1000,1,1,1339312346,1339312346,0
GSM,255,1,1040,4195,0,30.167766,50.441675,4515,3,1,1339333239,1354256929,0
GSM,255,1,1040,4197,0,29.966704,50.427159,18055,10,1,1339333239,1354258897,0
GSM,255,1,1040,4072,0,30.295486450195,50.451278686523,1000,1,1,1339312645,1339312645,0
GSM,255,1,1040,3262,0,30.191791,50.443759,8374,4,1,1339333239,1354257018,0
GSM,255,1,1040,23261,0,30.296858,50.451284,3030,3,1,1339333239,1354243362,0
GSM,255,1,1040,4073,0,30.338743,50.454033,3078,2,1,1339312944,1339312944,0
GSM,255,1,1020,2283,0,30.310585,50.451987,5084,2,1,1339333240,1354256420,0
GSM,255,1,1020,2282,0,30.458908081055,50.452651977539,1000,1,1,1339313242,1339313242,0
GSM,255,1,1020,401,0,30.40474,50.452196,5143,9,1,1339313242,1339313242,0
GSM,255,1,1050,6473,0,30.468521118164,50.432052612305,1000,1,1,1339313540,1339313540,0
GSM,255,1,1130,6852,0,30.46028137207,50.425186157227,1000,1,1,1339313601,1339313601,0
GSM,255,1,1130,5183,0,30.458908081055,50.423812866211,1000,1,1,1339313640,1339313640,0
GSM,255,1,1050,20331,0,30.468521118164,50.432052612305,1000,1,1,1339313541,1339313541,0
GSM,255,1,1050,1481,0,30.468521118164,50.432052612305,1000,1,1,1339313541,1339313541,0
GSM,255,1,1140,143,0,30.496443,50.438921,2120,3,1,1339333519,1339732891,0
GSM,255,1,1050,7827,0,30.468521118164,50.432052612305,1000,1,1,1339313541,1339313541,0
GSM,255,1,1130,20293,0,30.480882,50.415574,1409,3,1,1339333579,1339636643,0
GSM,255,1,1130,20252,0,30.485000610352,50.41145324707,1000,1,1,1339313839,1339313839,0
GSM,255,1,1030,22551,0,30.512468,50.405505,2467,3,1,1339333740,1339636942,0
GSM,255,1,1130,20253,0,30.485000610352,50.41145324707,1000,1,1,1339313839,1339313839,0
GSM,255,1,1130,20841,0,30.485000610352,50.41145324707,1000,1,1,1339313839,1339313839,0
GSM,255,1,1130,20251,0,30.485000610352,50.41145324707,1000,1,1,1339313839,1339313839,0
GSM,255,1,1050,21222,0,30.485000610352,50.41145324707,1000,1,1,1339313839,1339313839,0
GSM,255,1,1030,381,0,30.52025,50.405504,1947,3,1,1339333921,1339636943,0
GSM,255,1,1030,22553,0,30.50423,50.410083,1855,2,1,1339333950,1339636117,0
GSM,255,1,1030,22402,0,30.562367,50.405965,3497,3,1,1339333950,1339638196,0
GSM,255,1,1030,22403,0,30.531693,50.404587,1000,2,1,1339333983,1339635634,0
GSM,255,1,1030,21283,0,30.528945922852,50.404586791992,1000,1,1,1339314138,1339314138,0
GSM,255,1,1030,21281,0,30.537873,50.403214,1000,2,1,1339334079,1339636943,0
GSM,255,1,1030,21282,0,30.498739,50.413517,2360,2,1,1339334079,1339636528,0
GSM,255,1,1030,7475,0,30.60173034668,50.393600463867,1000,1,1,1339314408,1339314408,0
GSM,255,1,1160,132,0,30.652541,50.40047,1874,2,1,1339334499,1339633956,0
GSM,255,1,1120,1171,0,30.612372,50.398072,5103,4,1,1339334546,1339635449,0
GSM,255,1,1030,22401,0,30.576327,50.398411,2319,2,1,1339334638,1339637898,0
GSM,255,1,1030,22013,0,30.570607,50.405048,2916,3,1,1339334638,1339638195,0
GSM,255,1,1340,891,0,30.739751,50.395324,4515,4,1,1339334772,1339633657,0
GSM,255,1,1160,131,0,30.711604,50.397287,7163,3,1,1339334844,1408433793,0
GSM,255,1,1930,5801,0,30.871365,50.355841,6807,6,1,1339334993,1354280153,0
GSM,255,1,1340,29251,0,30.887393,50.377125,9893,7,1,1339335143,1340816272,0
GSM,255,1,1340,1663,0,30.713435,50.39866,7070,3,1,1339335198,1408433793,0
GSM,255,1,1160,7022,0,30.810470581055,50.383987426758,1000,1,1,1339315033,1339315033,0
GSM,255,1,1340,1372,0,30.605736,50.421506,15098,10,1,1339335198,1408433793,0
GSM,255,1,1340,29082,0,30.813246,50.393645,9697,3,1,1339335477,1340815972,0
GSM,255,1,1340,29253,0,30.813246,50.393645,9697,3,1,1339335477,1340815972,0
GSM,255,1,1930,5802,0,30.924453735352,50.364761352539,1000,1,1,1339315332,1339315332,0
GSM,255,1,1340,29085,0,30.924453735352,50.364761352539,1000,1,1,1339315332,1339315332,0
GSM,255,1,1930,29143,0,30.891733,50.370495,7860,6,1,1339336008,1340815372,0
GSM,255,1,1930,11173,0,30.929949,50.361231,2345,7,1,1339336306,1393027205,0
GSM,255,1,1930,29142,0,30.922051,50.364762,1428,4,1,1339336313,1339633059,0
GSM,255,1,1930,3063,0,30.931409,50.369918,10620,16,1,1339336313,1393505110,0
GSM,255,1,1930,29145,0,30.928379,50.362408,2514,7,1,1339336313,1393026904,0
GSM,255,1,1930,29146,0,30.904062,50.366734,8814,7,1,1339336313,1393026004,0
GSM,255,1,1930,411,0,30.86679,50.36752,6276,4,1,1339336313,1340808569,0
GSM,255,1,1930,11193,0,30.971145629883,50.340042114258,1000,1,1,1339316591,1339316591,0
GSM,255,1,1930,11172,0,30.956039428711,50.348281860352,1000,1,1,1339316494,1339316494,0
GSM,255,1,1930,21,0,30.967381,50.345884,5176,4,1,1339336604,1393026309,0
GSM,255,1,1930,29052,0,31.163722,50.309658,17953,5,1,1339336869,1339631864,0
GSM,255,1,1930,3062,0,30.981465,50.340738,4026,2,1,1339336873,1339632461,0
GSM,255,1,1930,5021,0,30.971618,50.344627,4847,3,1,1339336873,1393026904,0
GSM,255,1,1930,5022,0,30.988325,50.336616,3369,2,1,1339336873,1393026904,0
GSM,255,1,1930,10543,0,31.111221313477,50.307083129883,1000,1,1,1339317090,1339317090,0
GSM,255,1,1930,43092,0,31.182632446289,50.304336547852,1000,1,1,1339317230,1339317230,0
GSM,255,1,1930,10542,0,31.111221313477,50.307083129883,1000,1,1,1339317091,1339317091,0
GSM,255,1,1930,23,0,31.022694,50.333896,6956,2,1,1339337152,1339632461,0
GSM,255,1,1930,29053,0,31.052182,50.317623,4954,3,1,1339337152,1339631863,0
GSM,255,1,1930,10912,0,31.111221313477,50.307083129883,1000,1,1,1339317091,1339317091,0
GSM,255,1,1930,29056,0,31.111221313477,50.307083129883,1000,1,1,1339317091,1339317091,0
GSM,255,1,1930,29051,0,31.262996,50.298942,10818,2,1,1339317688,1339317688,0
GSM,255,1,1930,10932,0,31.333694458008,50.302963256836,1000,1,1,1339317528,1339317528,0
GSM,255,1,1930,29055,0,31.174395,50.305744,6341,2,1,1339337432,1339631438,0
GSM,255,1,1930,29183,0,31.06331,50.340901,14793,2,1,1339337432,1340807969,0
GSM,255,1,1930,3083,0,31.103008,50.316755,11491,3,1,1339337432,1339631864,0
GSM,255,1,1340,11361,0,31.263656616211,50.304336547852,1000,1,1,1339317390,1339317390,0
GSM,255,1,1930,43001,0,31.433973,50.282844,7712,3,1,1339337474,1339630831,0
GSM,255,1,1930,43091,0,31.41471862793,50.290603637695,1000,1,1,1339317687,1339317687,0
GSM,255,1,1930,29413,0,31.59841,50.240831,15117,7,1,1339337688,1339630668,0
GSM,255,1,1930,10602,0,31.284963,50.298229,9256,2,1,1339337712,1339631266,0
GSM,255,1,1930,4212,0,31.427117,50.282403,9209,3,1,1339337992,1339630967,0
GSM,255,1,1930,29772,0,31.500441,50.256826,15050,3,1,1339337992,1339630967,0
GSM,255,1,1930,11271,0,31.41821,50.280362,8668,2,1,1339337992,1339630967,0
GSM,255,1,1930,43142,0,31.534194946289,50.256271362305,1000,1,1,1339317987,1339317987,0
GSM,255,1,1930,43002,0,31.344779,50.281145,13744,2,1,1339337992,1339631266,0
GSM,255,1,1930,4211,0,31.532966,50.2454,17666,3,1,1339338097,1339630967,0
GSM,255,1,1930,4213,0,31.664657592773,50.209579467773,1000,1,1,1339318285,1339318285,0
GSM,255,1,1930,24193,0,31.548708,50.248089,9293,2,1,1339338272,1339630669,0
GSM,255,1,1930,29172,0,31.576382,50.239379,11486,3,1,1339338272,1339630669,0
GSM,255,1,1930,24211,0,31.664657592773,50.209579467773,1000,1,1,1339318285,1339318285,0
GSM,255,1,1930,10083,0,31.716848,50.215786,5583,2,1,1339338369,1339627083,0
GSM,255,1,1930,29411,0,31.663078,50.221512,10289,6,1,1339338414,1339630369,0
GSM,255,1,1930,13881,0,31.831268,50.224238,5469,3,1,1339338522,1339626784,0
GSM,255,1,1930,29412,0,31.608689,50.240132,14384,5,1,1339338552,1339630669,0
GSM,255,1,1930,4222,0,31.692585,50.219221,8181,3,1,1339338552,1339627381,0
GSM,255,1,1930,45961,0,31.593339,50.252716,15756,3,1,1339338552,1339630669,0
GSM,255,1,1930,24192,0,31.694626,50.242557,8537,6,1,1339338552,1383376682,0
GSM,255,1,1930,4235,0,31.969533,50.232615,10460,4,1,1339338653,1339626485,0
GSM,255,1,1930,4221,0,31.86834,50.223799,7911,3,1,1339338693,1339626784,0
GSM,255,1,1930,4231,0,31.960169,50.226125,14328,5,1,1339338830,1339626784,0
GSM,255,1,1930,4233,0,31.869593,50.221053,17584,4,1,1339338833,1339627082,0
GSM,255,1,13060,33016,0,32.233531,50.235683,6542,4,1,1339320625,1339320625,0
GSM,255,1,13060,33012,0,32.243256,50.237973,5805,3,1,1339320626,1339320626,0
GSM,255,1,13060,33013,0,32.204360961914,50.228805541992,1000,1,1,1339319478,1339319478,0
GSM,255,1,13060,33015,0,32.232633,50.239537,7093,5,1,1339339957,1339625888,0
GSM,255,1,13060,33443,0,32.204360961914,50.228805541992,1000,1,1,1339319478,1339319478,0
GSM,255,1,13060,39885,0,32.349923,50.248968,6970,3,1,1339340660,1339625590,0
GSM,255,1,13060,33011,0,32.291769,50.245346,11348,3,1,1339340745,1339625889,0
GSM,255,1,13060,64892,0,32.370532,50.253536,3625,2,1,1339320924,1339320924,0
GSM,255,1,7610,43631,0,32.319717407227,50.256271362305,1000,1,1,1339320626,1339320626,0
GSM,255,1,13060,33847,0,32.427533,50.243926,4286,2,1,1339340915,1339625291,0
GSM,255,1,13060,63121,0,32.522988,50.211418,5474,3,1,1339341034,1339624992,0
GSM,255,1,13060,33022,0,32.339495,50.239045,14637,5,1,1339341084,1339625889,0
GSM,255,1,13060,63124,0,32.516969,50.208498,8269,5,1,1339341084,1339624992,0
GSM,255,1,13060,33922,0,32.540394,50.198146,6639,3,1,1339341160,1339624992,0
GSM,255,1,13060,33921,0,32.613068,50.159103,17532,9,1,1339341249,1339624693,0
GSM,255,1,13060,33856,0,32.547987,50.193383,7396,5,1,1339341334,1339624992,0
GSM,255,1,13060,63151,0,32.302342,50.230291,15549,3,1,1339341364,1339625889,0
GSM,255,1,13060,33027,0,32.444714,50.236383,5701,2,1,1339341364,1339625291,0
GSM,255,1,13060,33857,0,32.463934,50.233403,7102,3,1,1339341364,1339625291,0
GSM,255,1,13060,39886,0,32.386355,50.230942,9612,2,1,1339341364,1339625590,0
GSM,255,1,13060,64257,0,32.598541,50.16675,9477,5,1,1339341411,1339624693,0
GSM,255,1,13060,33943,0,32.634921,50.148827,6209,4,1,1339341587,1339624395,0
GSM,255,1,13060,63122,0,32.573379,50.180992,11861,6,1,1339341645,1339624992,0
GSM,255,1,13060,33441,0,32.464638,50.197566,23760,7,1,1339341645,1339625889,0
GSM,255,1,13060,35756,0,32.594375610352,50.15739440918,1000,1,1,1339321521,1339321521,0
GSM,255,1,13030,62927,0,32.757797241211,50.085983276367,1000,1,1,1339321966,1339321966,0
GSM,255,1,13060,64256,0,32.64201,50.145047,5828,3,1,1339341926,1339623782,0
GSM,255,1,13060,33021,0,32.564929,50.188551,12853,6,1,1339341926,1339624992,0
GSM,255,1,13030,33037,0,32.692311,50.117263,10548,4,1,1339341932,1339623889,0
GSM,255,1,13030,37837,0,32.860107,50.047531,1000,2,1,1339322268,1339322268,0
GSM,255,1,13030,33035,0,32.819179,50.049333,8666,13,1,1339342264,1339623184,0
GSM,255,1,13030,63652,0,33.013936,50.034492,3939,2,1,1339323013,1339323013,0
GSM,255,1,13030,33033,0,32.770234,50.089461,11749,4,1,1339342489,1339623483,0
GSM,255,1,13030,33031,0,32.837209,50.076107,16640,4,1,1339342489,1339623484,0
GSM,255,1,13030,33032,0,32.818956,50.077091,6923,2,1,1339342489,1339623185,0
GSM,255,1,13060,33941,0,32.704398,50.124069,16576,3,1,1339342489,1339623783,0
GSM,255,1,13030,33036,0,32.813569,50.048369,8454,5,1,1339342489,1339623185,0
GSM,255,1,13030,65093,0,32.907485961914,50.051651000977,1000,1,1,1339322417,1339322417,0
GSM,255,1,13030,33137,0,32.905435,50.053748,6640,2,1,1339342528,1339622886,0
GSM,255,1,13030,33191,0,33.00468,50.022142,8354,4,1,1339342682,1339622588,0
GSM,255,1,13030,37835,0,32.941848,50.042075,9399,4,1,1339342771,1339622886,0
GSM,255,1,13030,33135,0,32.998123168945,50.048904418945,1000,1,1,1339322715,1339322715,0
GSM,255,1,13030,37836,0,32.905435,50.053748,6640,2,1,1339342771,1339622886,0
GSM,255,1,13030,32835,0,33.0438,50.009082,5797,4,1,1339342875,1339622288,0
